source,player,class,pos,summary,year,school,coach
https://raw.githubusercontent.com/RKRoberts97/byu_football_tree/refs/heads/main/College/Coaches/College%20Head%20Coaches/Jim_Criner/1983_iowa-state_roster.csv,David Archer*,NA,QB,"234 Cmp, 403 Att, 2639 Yds, 18 TD",1983,Iowa State,Jim Criner
https://raw.githubusercontent.com/RKRoberts97/byu_football_tree/refs/heads/main/College/Coaches/College%20Head%20Coaches/Jim_Criner/1983_iowa-state_roster.csv,Alan Hood,NA,QB,"2 Cmp, 7 Att, 78 Yds, 1 TD",1983,Iowa State,Jim Criner
https://raw.githubusercontent.com/RKRoberts97/byu_football_tree/refs/heads/main/College/Coaches/College%20Head%20Coaches/Jim_Criner/1983_iowa-state_roster.csv,Tommy Davis*,NA,RB,"156 Att, 396 Yds, 2.5 Avg",1983,Iowa State,Jim Criner
https://raw.githubusercontent.com/RKRoberts97/byu_football_tree/refs/heads/main/College/Coaches/College%20Head%20Coaches/Jim_Criner/1983_iowa-state_roster.csv,Jason Jacobs*,NA,RB,"99 Att, 490 Yds, 4.9 Avg",1983,Iowa State,Jim Criner
https://raw.githubusercontent.com/RKRoberts97/byu_football_tree/refs/heads/main/College/Coaches/College%20Head%20Coaches/Jim_Criner/1983_iowa-state_roster.csv,Al Watson,NA,RB,"12 Att, 59 Yds, 4.9 Avg",1983,Iowa State,Jim Criner
https://raw.githubusercontent.com/RKRoberts97/byu_football_tree/refs/heads/main/College/Coaches/College%20Head%20Coaches/Jim_Criner/1983_iowa-state_roster.csv,Richard Hanson,NA,RB,"6 Att, -2 Yds, -0.3 Avg",1983,Iowa State,Jim Criner
https://raw.githubusercontent.com/RKRoberts97/byu_football_tree/refs/heads/main/College/Coaches/College%20Head%20Coaches/Jim_Criner/1983_iowa-state_roster.csv,Kirk Thomas,NA,RB,,1983,Iowa State,Jim Criner
https://raw.githubusercontent.com/RKRoberts97/byu_football_tree/refs/heads/main/College/Coaches/College%20Head%20Coaches/Jim_Criner/1983_iowa-state_roster.csv,Tracy Henderson*,NA,WR,"81 Rec, 1051 Yds, 13.0 Avg",1983,Iowa State,Jim Criner
https://raw.githubusercontent.com/RKRoberts97/byu_football_tree/refs/heads/main/College/Coaches/College%20Head%20Coaches/Jim_Criner/1983_iowa-state_roster.csv,Robbie Minor*,NA,WR,"20 Rec, 322 Yds, 16.1 Avg",1983,Iowa State,Jim Criner
https://raw.githubusercontent.com/RKRoberts97/byu_football_tree/refs/heads/main/College/Coaches/College%20Head%20Coaches/Jim_Criner/1983_iowa-state_roster.csv,Danny Gantt,NA,WR,"10 Rec, 140 Yds, 14.0 Avg",1983,Iowa State,Jim Criner
https://raw.githubusercontent.com/RKRoberts97/byu_football_tree/refs/heads/main/College/Coaches/College%20Head%20Coaches/Jim_Criner/1983_iowa-state_roster.csv,Curtis Levingston,NA,WR,"8 Rec, 148 Yds, 18.5 Avg",1983,Iowa State,Jim Criner
https://raw.githubusercontent.com/RKRoberts97/byu_football_tree/refs/heads/main/College/Coaches/College%20Head%20Coaches/Jim_Criner/1983_iowa-state_roster.csv,Michael Posey,NA,WR,"1 Rec, 65 Yds, 65.0 Avg",1983,Iowa State,Jim Criner
https://raw.githubusercontent.com/RKRoberts97/byu_football_tree/refs/heads/main/College/Coaches/College%20Head%20Coaches/Jim_Criner/1983_iowa-state_roster.csv,Michael Wade,NA,WR,"1 Rec, 17 Yds, 17.0 Avg",1983,Iowa State,Jim Criner
https://raw.githubusercontent.com/RKRoberts97/byu_football_tree/refs/heads/main/College/Coaches/College%20Head%20Coaches/Jim_Criner/1983_iowa-state_roster.csv,David Smoldt*,NA,TE,"12 Rec, 113 Yds, 9.4 Avg",1983,Iowa State,Jim Criner
https://raw.githubusercontent.com/RKRoberts97/byu_football_tree/refs/heads/main/College/Coaches/College%20Head%20Coaches/Jim_Criner/1983_iowa-state_roster.csv,Jeff Wodka,NA,TE,"9 Rec, 69 Yds, 7.7 Avg",1983,Iowa State,Jim Criner
https://raw.githubusercontent.com/RKRoberts97/byu_football_tree/refs/heads/main/College/Coaches/College%20Head%20Coaches/Jim_Criner/1983_iowa-state_roster.csv,Brett Blaney,NA,TE,"4 Rec, 39 Yds, 9.8 Avg",1983,Iowa State,Jim Criner
https://raw.githubusercontent.com/RKRoberts97/byu_football_tree/refs/heads/main/College/Coaches/College%20Head%20Coaches/Jim_Criner/1983_iowa-state_roster.csv,Dan Martin*,NA,OL,,1983,Iowa State,Jim Criner
https://raw.githubusercontent.com/RKRoberts97/byu_football_tree/refs/heads/main/College/Coaches/College%20Head%20Coaches/Jim_Criner/1983_iowa-state_roster.csv,Chuck Meyers*,NA,OL,,1983,Iowa State,Jim Criner
https://raw.githubusercontent.com/RKRoberts97/byu_football_tree/refs/heads/main/College/Coaches/College%20Head%20Coaches/Jim_Criner/1983_iowa-state_roster.csv,Benn Musgrave*,NA,OL,,1983,Iowa State,Jim Criner
https://raw.githubusercontent.com/RKRoberts97/byu_football_tree/refs/heads/main/College/Coaches/College%20Head%20Coaches/Jim_Criner/1983_iowa-state_roster.csv,Scott Nelson*,NA,OL,,1983,Iowa State,Jim Criner
https://raw.githubusercontent.com/RKRoberts97/byu_football_tree/refs/heads/main/College/Coaches/College%20Head%20Coaches/Jim_Criner/1983_iowa-state_roster.csv,Bruce Reimers*,NA,OL,,1983,Iowa State,Jim Criner
https://raw.githubusercontent.com/RKRoberts97/byu_football_tree/refs/heads/main/College/Coaches/College%20Head%20Coaches/Jim_Criner/1983_iowa-state_roster.csv,Marc Bachrodt,NA,K,,1983,Iowa State,Jim Criner
https://raw.githubusercontent.com/RKRoberts97/byu_football_tree/refs/heads/main/College/Coaches/College%20Head%20Coaches/Jim_Criner/1983_iowa-state_roster.csv,Doug Fischer*,NA,DL,,1983,Iowa State,Jim Criner
https://raw.githubusercontent.com/RKRoberts97/byu_football_tree/refs/heads/main/College/Coaches/College%20Head%20Coaches/Jim_Criner/1983_iowa-state_roster.csv,Rodney Hutchins*,NA,DL,,1983,Iowa State,Jim Criner
https://raw.githubusercontent.com/RKRoberts97/byu_football_tree/refs/heads/main/College/Coaches/College%20Head%20Coaches/Jim_Criner/1983_iowa-state_roster.csv,Greg Liter*,NA,DL,,1983,Iowa State,Jim Criner
https://raw.githubusercontent.com/RKRoberts97/byu_football_tree/refs/heads/main/College/Coaches/College%20Head%20Coaches/Jim_Criner/1983_iowa-state_roster.csv,Barry Moore*,NA,DL,,1983,Iowa State,Jim Criner
https://raw.githubusercontent.com/RKRoberts97/byu_football_tree/refs/heads/main/College/Coaches/College%20Head%20Coaches/Jim_Criner/1983_iowa-state_roster.csv,Steve Little,NA,DL,,1983,Iowa State,Jim Criner
https://raw.githubusercontent.com/RKRoberts97/byu_football_tree/refs/heads/main/College/Coaches/College%20Head%20Coaches/Jim_Criner/1983_iowa-state_roster.csv,Jim Luebbers,NA,DL,,1983,Iowa State,Jim Criner
https://raw.githubusercontent.com/RKRoberts97/byu_football_tree/refs/heads/main/College/Coaches/College%20Head%20Coaches/Jim_Criner/1983_iowa-state_roster.csv,Roger Youngblut,NA,DL,,1983,Iowa State,Jim Criner
https://raw.githubusercontent.com/RKRoberts97/byu_football_tree/refs/heads/main/College/Coaches/College%20Head%20Coaches/Jim_Criner/1983_iowa-state_roster.csv,Dwayne Gilyard*,NA,LB,,1983,Iowa State,Jim Criner
https://raw.githubusercontent.com/RKRoberts97/byu_football_tree/refs/heads/main/College/Coaches/College%20Head%20Coaches/Jim_Criner/1983_iowa-state_roster.csv,Chris Washington*,NA,LB,,1983,Iowa State,Jim Criner
https://raw.githubusercontent.com/RKRoberts97/byu_football_tree/refs/heads/main/College/Coaches/College%20Head%20Coaches/Jim_Criner/1983_iowa-state_roster.csv,Lester Williams*,NA,LB,,1983,Iowa State,Jim Criner
https://raw.githubusercontent.com/RKRoberts97/byu_football_tree/refs/heads/main/College/Coaches/College%20Head%20Coaches/Jim_Criner/1983_iowa-state_roster.csv,Ralph Conner,NA,LB,,1983,Iowa State,Jim Criner
https://raw.githubusercontent.com/RKRoberts97/byu_football_tree/refs/heads/main/College/Coaches/College%20Head%20Coaches/Jim_Criner/1983_iowa-state_roster.csv,Tim Iversen,NA,LB,,1983,Iowa State,Jim Criner
https://raw.githubusercontent.com/RKRoberts97/byu_football_tree/refs/heads/main/College/Coaches/College%20Head%20Coaches/Jim_Criner/1983_iowa-state_roster.csv,Alvin Baker*,NA,DB,,1983,Iowa State,Jim Criner
https://raw.githubusercontent.com/RKRoberts97/byu_football_tree/refs/heads/main/College/Coaches/College%20Head%20Coaches/Jim_Criner/1983_iowa-state_roster.csv,Billy McCue*,NA,DB,,1983,Iowa State,Jim Criner
https://raw.githubusercontent.com/RKRoberts97/byu_football_tree/refs/heads/main/College/Coaches/College%20Head%20Coaches/Jim_Criner/1983_iowa-state_roster.csv,George Walker*,NA,DB,,1983,Iowa State,Jim Criner
https://raw.githubusercontent.com/RKRoberts97/byu_football_tree/refs/heads/main/College/Coaches/College%20Head%20Coaches/Jim_Criner/1983_iowa-state_roster.csv,Kevin Williams*,NA,DB,,1983,Iowa State,Jim Criner
https://raw.githubusercontent.com/RKRoberts97/byu_football_tree/refs/heads/main/College/Coaches/College%20Head%20Coaches/Jim_Criner/1983_iowa-state_roster.csv,Sam Clear,NA,DB,,1983,Iowa State,Jim Criner
https://raw.githubusercontent.com/RKRoberts97/byu_football_tree/refs/heads/main/College/Coaches/College%20Head%20Coaches/Jim_Criner/1983_iowa-state_roster.csv,Anthony Davis,NA,DB,,1983,Iowa State,Jim Criner
https://raw.githubusercontent.com/RKRoberts97/byu_football_tree/refs/heads/main/College/Coaches/College%20Head%20Coaches/Jim_Criner/1983_iowa-state_roster.csv,Joe Jackson,NA,DB,,1983,Iowa State,Jim Criner
https://raw.githubusercontent.com/RKRoberts97/byu_football_tree/refs/heads/main/College/Coaches/College%20Head%20Coaches/Jim_Criner/1983_iowa-state_roster.csv,Kelly Goodburn,NA,P,,1983,Iowa State,Jim Criner
https://raw.githubusercontent.com/RKRoberts97/byu_football_tree/refs/heads/main/College/Coaches/College%20Head%20Coaches/Jim_Criner/1983_iowa-state_roster.csv,Doug Myers,NA,P,,1983,Iowa State,Jim Criner
https://raw.githubusercontent.com/RKRoberts97/byu_football_tree/refs/heads/main/College/Coaches/College%20Head%20Coaches/Jim_Criner/1983_iowa-state_roster.csv,Kent Anderson,NA,KR,,1983,Iowa State,Jim Criner
https://raw.githubusercontent.com/RKRoberts97/byu_football_tree/refs/heads/main/College/Coaches/College%20Head%20Coaches/Jim_Criner/1984_iowa-state_roster.csv,Alan Hood,NA,QB,"54 Cmp, 103 Att, 559 Yds, 3 TD",1984,Iowa State,Jim Criner
https://raw.githubusercontent.com/RKRoberts97/byu_football_tree/refs/heads/main/College/Coaches/College%20Head%20Coaches/Jim_Criner/1984_iowa-state_roster.csv,Derek DeGennaro,NA,QB,"0 Cmp, 1 Att, 0 Yds, 0 TD",1984,Iowa State,Jim Criner
https://raw.githubusercontent.com/RKRoberts97/byu_football_tree/refs/heads/main/College/Coaches/College%20Head%20Coaches/Jim_Criner/1984_iowa-state_roster.csv,Alex Espinoza,NA,QB,"143 Cmp, 262 Att, 1580 Yds, 10 TD",1984,Iowa State,Jim Criner
https://raw.githubusercontent.com/RKRoberts97/byu_football_tree/refs/heads/main/College/Coaches/College%20Head%20Coaches/Jim_Criner/1984_iowa-state_roster.csv,Richard Hanson*,NA,RB,"155 Att, 507 Yds, 3.3 Avg",1984,Iowa State,Jim Criner
https://raw.githubusercontent.com/RKRoberts97/byu_football_tree/refs/heads/main/College/Coaches/College%20Head%20Coaches/Jim_Criner/1984_iowa-state_roster.csv,Tommy Davis*,NA,RB,"71 Att, 304 Yds, 4.3 Avg",1984,Iowa State,Jim Criner
https://raw.githubusercontent.com/RKRoberts97/byu_football_tree/refs/heads/main/College/Coaches/College%20Head%20Coaches/Jim_Criner/1984_iowa-state_roster.csv,Don Poprilo,NA,RB,"37 Att, 130 Yds, 3.5 Avg",1984,Iowa State,Jim Criner
https://raw.githubusercontent.com/RKRoberts97/byu_football_tree/refs/heads/main/College/Coaches/College%20Head%20Coaches/Jim_Criner/1984_iowa-state_roster.csv,Al Watson,NA,RB,"36 Att, 109 Yds, 3.0 Avg",1984,Iowa State,Jim Criner
https://raw.githubusercontent.com/RKRoberts97/byu_football_tree/refs/heads/main/College/Coaches/College%20Head%20Coaches/Jim_Criner/1984_iowa-state_roster.csv,Derrick Sperling,NA,RB,"19 Att, 53 Yds, 2.8 Avg",1984,Iowa State,Jim Criner
https://raw.githubusercontent.com/RKRoberts97/byu_football_tree/refs/heads/main/College/Coaches/College%20Head%20Coaches/Jim_Criner/1984_iowa-state_roster.csv,Michael Posey,NA,RB,"11 Att, 21 Yds, 1.9 Avg",1984,Iowa State,Jim Criner
https://raw.githubusercontent.com/RKRoberts97/byu_football_tree/refs/heads/main/College/Coaches/College%20Head%20Coaches/Jim_Criner/1984_iowa-state_roster.csv,Chris Hentges,NA,RB,"6 Att, 20 Yds, 3.3 Avg",1984,Iowa State,Jim Criner
https://raw.githubusercontent.com/RKRoberts97/byu_football_tree/refs/heads/main/College/Coaches/College%20Head%20Coaches/Jim_Criner/1984_iowa-state_roster.csv,Kirk Thomas,NA,RB,"5 Att, 14 Yds, 2.8 Avg",1984,Iowa State,Jim Criner
https://raw.githubusercontent.com/RKRoberts97/byu_football_tree/refs/heads/main/College/Coaches/College%20Head%20Coaches/Jim_Criner/1984_iowa-state_roster.csv,Tracy Henderson*,NA,WR,"64 Rec, 941 Yds, 14.7 Avg",1984,Iowa State,Jim Criner
https://raw.githubusercontent.com/RKRoberts97/byu_football_tree/refs/heads/main/College/Coaches/College%20Head%20Coaches/Jim_Criner/1984_iowa-state_roster.csv,Robbie Minor*,NA,WR,"17 Rec, 197 Yds, 11.6 Avg",1984,Iowa State,Jim Criner
https://raw.githubusercontent.com/RKRoberts97/byu_football_tree/refs/heads/main/College/Coaches/College%20Head%20Coaches/Jim_Criner/1984_iowa-state_roster.csv,Danny Gantt,NA,WR,"11 Rec, 134 Yds, 12.2 Avg",1984,Iowa State,Jim Criner
https://raw.githubusercontent.com/RKRoberts97/byu_football_tree/refs/heads/main/College/Coaches/College%20Head%20Coaches/Jim_Criner/1984_iowa-state_roster.csv,David Smoldt*,NA,TE,"26 Rec, 251 Yds, 9.7 Avg",1984,Iowa State,Jim Criner
https://raw.githubusercontent.com/RKRoberts97/byu_football_tree/refs/heads/main/College/Coaches/College%20Head%20Coaches/Jim_Criner/1984_iowa-state_roster.csv,Jeff Wodka,NA,TE,"6 Rec, 56 Yds, 9.3 Avg",1984,Iowa State,Jim Criner
https://raw.githubusercontent.com/RKRoberts97/byu_football_tree/refs/heads/main/College/Coaches/College%20Head%20Coaches/Jim_Criner/1984_iowa-state_roster.csv,Brett Blaney,NA,TE,"3 Rec, 32 Yds, 10.7 Avg",1984,Iowa State,Jim Criner
https://raw.githubusercontent.com/RKRoberts97/byu_football_tree/refs/heads/main/College/Coaches/College%20Head%20Coaches/Jim_Criner/1984_iowa-state_roster.csv,Kevin Eggleston*,NA,OL,,1984,Iowa State,Jim Criner
https://raw.githubusercontent.com/RKRoberts97/byu_football_tree/refs/heads/main/College/Coaches/College%20Head%20Coaches/Jim_Criner/1984_iowa-state_roster.csv,Eric Huhndorf*,NA,OL,,1984,Iowa State,Jim Criner
https://raw.githubusercontent.com/RKRoberts97/byu_football_tree/refs/heads/main/College/Coaches/College%20Head%20Coaches/Jim_Criner/1984_iowa-state_roster.csv,Vince Jasper*,NA,OL,,1984,Iowa State,Jim Criner
https://raw.githubusercontent.com/RKRoberts97/byu_football_tree/refs/heads/main/College/Coaches/College%20Head%20Coaches/Jim_Criner/1984_iowa-state_roster.csv,Channon Mawdsley*,NA,OL,,1984,Iowa State,Jim Criner
https://raw.githubusercontent.com/RKRoberts97/byu_football_tree/refs/heads/main/College/Coaches/College%20Head%20Coaches/Jim_Criner/1984_iowa-state_roster.csv,Bruce Westemeyer*,NA,OL,,1984,Iowa State,Jim Criner
https://raw.githubusercontent.com/RKRoberts97/byu_football_tree/refs/heads/main/College/Coaches/College%20Head%20Coaches/Jim_Criner/1984_iowa-state_roster.csv,Marc Bachrodt,NA,K,,1984,Iowa State,Jim Criner
https://raw.githubusercontent.com/RKRoberts97/byu_football_tree/refs/heads/main/College/Coaches/College%20Head%20Coaches/Jim_Criner/1984_iowa-state_roster.csv,Steve Little*,NA,DL,,1984,Iowa State,Jim Criner
https://raw.githubusercontent.com/RKRoberts97/byu_football_tree/refs/heads/main/College/Coaches/College%20Head%20Coaches/Jim_Criner/1984_iowa-state_roster.csv,Jim Luebbers*,NA,DL,,1984,Iowa State,Jim Criner
https://raw.githubusercontent.com/RKRoberts97/byu_football_tree/refs/heads/main/College/Coaches/College%20Head%20Coaches/Jim_Criner/1984_iowa-state_roster.csv,Barry Moore*,NA,DL,,1984,Iowa State,Jim Criner
https://raw.githubusercontent.com/RKRoberts97/byu_football_tree/refs/heads/main/College/Coaches/College%20Head%20Coaches/Jim_Criner/1984_iowa-state_roster.csv,Lester Williams*,NA,DL,,1984,Iowa State,Jim Criner
https://raw.githubusercontent.com/RKRoberts97/byu_football_tree/refs/heads/main/College/Coaches/College%20Head%20Coaches/Jim_Criner/1984_iowa-state_roster.csv,Jeff Braswell*,NA,LB,,1984,Iowa State,Jim Criner
https://raw.githubusercontent.com/RKRoberts97/byu_football_tree/refs/heads/main/College/Coaches/College%20Head%20Coaches/Jim_Criner/1984_iowa-state_roster.csv,Dennis Gibson*,NA,LB,,1984,Iowa State,Jim Criner
https://raw.githubusercontent.com/RKRoberts97/byu_football_tree/refs/heads/main/College/Coaches/College%20Head%20Coaches/Jim_Criner/1984_iowa-state_roster.csv,Tim Iversen*,NA,LB,,1984,Iowa State,Jim Criner
https://raw.githubusercontent.com/RKRoberts97/byu_football_tree/refs/heads/main/College/Coaches/College%20Head%20Coaches/Jim_Criner/1984_iowa-state_roster.csv,Jim Thompson,NA,LB,,1984,Iowa State,Jim Criner
https://raw.githubusercontent.com/RKRoberts97/byu_football_tree/refs/heads/main/College/Coaches/College%20Head%20Coaches/Jim_Criner/1984_iowa-state_roster.csv,Terrence Anthony*,NA,DB,,1984,Iowa State,Jim Criner
https://raw.githubusercontent.com/RKRoberts97/byu_football_tree/refs/heads/main/College/Coaches/College%20Head%20Coaches/Jim_Criner/1984_iowa-state_roster.csv,Anthony Davis*,NA,DB,,1984,Iowa State,Jim Criner
https://raw.githubusercontent.com/RKRoberts97/byu_football_tree/refs/heads/main/College/Coaches/College%20Head%20Coaches/Jim_Criner/1984_iowa-state_roster.csv,Anthony Mayze*,NA,DB,,1984,Iowa State,Jim Criner
https://raw.githubusercontent.com/RKRoberts97/byu_football_tree/refs/heads/main/College/Coaches/College%20Head%20Coaches/Jim_Criner/1984_iowa-state_roster.csv,Kevin Williams*,NA,DB,,1984,Iowa State,Jim Criner
https://raw.githubusercontent.com/RKRoberts97/byu_football_tree/refs/heads/main/College/Coaches/College%20Head%20Coaches/Jim_Criner/1984_iowa-state_roster.csv,Joe Jackson,NA,DB,,1984,Iowa State,Jim Criner
https://raw.githubusercontent.com/RKRoberts97/byu_football_tree/refs/heads/main/College/Coaches/College%20Head%20Coaches/Jim_Criner/1984_iowa-state_roster.csv,Billy McCue,NA,DB,,1984,Iowa State,Jim Criner
https://raw.githubusercontent.com/RKRoberts97/byu_football_tree/refs/heads/main/College/Coaches/College%20Head%20Coaches/Jim_Criner/1984_iowa-state_roster.csv,Tony Tucker,NA,DB,,1984,Iowa State,Jim Criner
https://raw.githubusercontent.com/RKRoberts97/byu_football_tree/refs/heads/main/College/Coaches/College%20Head%20Coaches/Jim_Criner/1984_iowa-state_roster.csv,Kent Anderson,NA,KR,,1984,Iowa State,Jim Criner
https://raw.githubusercontent.com/RKRoberts97/byu_football_tree/refs/heads/main/College/Coaches/College%20Head%20Coaches/Jim_Criner/1984_iowa-state_roster.csv,Michael Taylor,NA,,,1984,Iowa State,Jim Criner
https://raw.githubusercontent.com/RKRoberts97/byu_football_tree/refs/heads/main/College/Coaches/College%20Head%20Coaches/Jim_Criner/1985_iowa-state_roster.csv,Derek DeGennaro,NA,QB,"12 Cmp, 26 Att, 119 Yds, 1 TD",1985,Iowa State,Jim Criner
https://raw.githubusercontent.com/RKRoberts97/byu_football_tree/refs/heads/main/College/Coaches/College%20Head%20Coaches/Jim_Criner/1985_iowa-state_roster.csv,Alex Espinoza,NA,QB,"159 Cmp, 330 Att, 1704 Yds, 8 TD",1985,Iowa State,Jim Criner
https://raw.githubusercontent.com/RKRoberts97/byu_football_tree/refs/heads/main/College/Coaches/College%20Head%20Coaches/Jim_Criner/1985_iowa-state_roster.csv,Kirk Thomas*,NA,RB,"103 Att, 326 Yds, 3.2 Avg",1985,Iowa State,Jim Criner
https://raw.githubusercontent.com/RKRoberts97/byu_football_tree/refs/heads/main/College/Coaches/College%20Head%20Coaches/Jim_Criner/1985_iowa-state_roster.csv,Marques Rodgers,NA,RB,"94 Att, 323 Yds, 3.4 Avg",1985,Iowa State,Jim Criner
https://raw.githubusercontent.com/RKRoberts97/byu_football_tree/refs/heads/main/College/Coaches/College%20Head%20Coaches/Jim_Criner/1985_iowa-state_roster.csv,Matt Rodgers,NA,RB,"94 Att, 323 Yds, 3.4 Avg",1985,Iowa State,Jim Criner
https://raw.githubusercontent.com/RKRoberts97/byu_football_tree/refs/heads/main/College/Coaches/College%20Head%20Coaches/Jim_Criner/1985_iowa-state_roster.csv,Al Watson,NA,RB,"35 Att, 88 Yds, 2.5 Avg",1985,Iowa State,Jim Criner
https://raw.githubusercontent.com/RKRoberts97/byu_football_tree/refs/heads/main/College/Coaches/College%20Head%20Coaches/Jim_Criner/1985_iowa-state_roster.csv,Don Poprilo,NA,RB,"12 Att, 28 Yds, 2.3 Avg",1985,Iowa State,Jim Criner
https://raw.githubusercontent.com/RKRoberts97/byu_football_tree/refs/heads/main/College/Coaches/College%20Head%20Coaches/Jim_Criner/1985_iowa-state_roster.csv,Joe Henderson,NA,RB,,1985,Iowa State,Jim Criner
https://raw.githubusercontent.com/RKRoberts97/byu_football_tree/refs/heads/main/College/Coaches/College%20Head%20Coaches/Jim_Criner/1985_iowa-state_roster.csv,Andrew Jackson,NA,RB,"113 Att, 415 Yds, 3.7 Avg",1985,Iowa State,Jim Criner
https://raw.githubusercontent.com/RKRoberts97/byu_football_tree/refs/heads/main/College/Coaches/College%20Head%20Coaches/Jim_Criner/1985_iowa-state_roster.csv,Paul Thibodeaux,NA,RB,,1985,Iowa State,Jim Criner
https://raw.githubusercontent.com/RKRoberts97/byu_football_tree/refs/heads/main/College/Coaches/College%20Head%20Coaches/Jim_Criner/1985_iowa-state_roster.csv,Hughes Suffren*,NA,WR,"31 Rec, 433 Yds, 14.0 Avg",1985,Iowa State,Jim Criner
https://raw.githubusercontent.com/RKRoberts97/byu_football_tree/refs/heads/main/College/Coaches/College%20Head%20Coaches/Jim_Criner/1985_iowa-state_roster.csv,Danny Gantt*,NA,WR,"20 Rec, 259 Yds, 13.0 Avg",1985,Iowa State,Jim Criner
https://raw.githubusercontent.com/RKRoberts97/byu_football_tree/refs/heads/main/College/Coaches/College%20Head%20Coaches/Jim_Criner/1985_iowa-state_roster.csv,Alan Hood,NA,WR,"3 Rec, 39 Yds, 13.0 Avg",1985,Iowa State,Jim Criner
https://raw.githubusercontent.com/RKRoberts97/byu_football_tree/refs/heads/main/College/Coaches/College%20Head%20Coaches/Jim_Criner/1985_iowa-state_roster.csv,Kent Anderson,NA,WR,"6 Rec, 52 Yds, 8.7 Avg",1985,Iowa State,Jim Criner
https://raw.githubusercontent.com/RKRoberts97/byu_football_tree/refs/heads/main/College/Coaches/College%20Head%20Coaches/Jim_Criner/1985_iowa-state_roster.csv,Dennis Ross,NA,WR,"3 Rec, 38 Yds, 12.7 Avg",1985,Iowa State,Jim Criner
https://raw.githubusercontent.com/RKRoberts97/byu_football_tree/refs/heads/main/College/Coaches/College%20Head%20Coaches/Jim_Criner/1985_iowa-state_roster.csv,Ray Guzzi,NA,WR,"1 Rec, 14 Yds, 14.0 Avg",1985,Iowa State,Jim Criner
https://raw.githubusercontent.com/RKRoberts97/byu_football_tree/refs/heads/main/College/Coaches/College%20Head%20Coaches/Jim_Criner/1985_iowa-state_roster.csv,Jeff Wodka*,NA,TE,"35 Rec, 390 Yds, 11.1 Avg",1985,Iowa State,Jim Criner
https://raw.githubusercontent.com/RKRoberts97/byu_football_tree/refs/heads/main/College/Coaches/College%20Head%20Coaches/Jim_Criner/1985_iowa-state_roster.csv,Tom Stawniak,NA,TE,"6 Rec, 58 Yds, 9.7 Avg",1985,Iowa State,Jim Criner
https://raw.githubusercontent.com/RKRoberts97/byu_football_tree/refs/heads/main/College/Coaches/College%20Head%20Coaches/Jim_Criner/1985_iowa-state_roster.csv,Eric Huhndorf*,NA,OL,,1985,Iowa State,Jim Criner
https://raw.githubusercontent.com/RKRoberts97/byu_football_tree/refs/heads/main/College/Coaches/College%20Head%20Coaches/Jim_Criner/1985_iowa-state_roster.csv,Vince Jasper*,NA,OL,,1985,Iowa State,Jim Criner
https://raw.githubusercontent.com/RKRoberts97/byu_football_tree/refs/heads/main/College/Coaches/College%20Head%20Coaches/Jim_Criner/1985_iowa-state_roster.csv,Brett Lawrence*,NA,OL,,1985,Iowa State,Jim Criner
https://raw.githubusercontent.com/RKRoberts97/byu_football_tree/refs/heads/main/College/Coaches/College%20Head%20Coaches/Jim_Criner/1985_iowa-state_roster.csv,Channon Mawdsley*,NA,OL,,1985,Iowa State,Jim Criner
https://raw.githubusercontent.com/RKRoberts97/byu_football_tree/refs/heads/main/College/Coaches/College%20Head%20Coaches/Jim_Criner/1985_iowa-state_roster.csv,Keith Sims*,NA,OL,,1985,Iowa State,Jim Criner
https://raw.githubusercontent.com/RKRoberts97/byu_football_tree/refs/heads/main/College/Coaches/College%20Head%20Coaches/Jim_Criner/1985_iowa-state_roster.csv,Kevin Eggleston,NA,OL,,1985,Iowa State,Jim Criner
https://raw.githubusercontent.com/RKRoberts97/byu_football_tree/refs/heads/main/College/Coaches/College%20Head%20Coaches/Jim_Criner/1985_iowa-state_roster.csv,Bruce Westemeyer,NA,OL,,1985,Iowa State,Jim Criner
https://raw.githubusercontent.com/RKRoberts97/byu_football_tree/refs/heads/main/College/Coaches/College%20Head%20Coaches/Jim_Criner/1985_iowa-state_roster.csv,Bill Berthusen*,NA,DL,,1985,Iowa State,Jim Criner
https://raw.githubusercontent.com/RKRoberts97/byu_football_tree/refs/heads/main/College/Coaches/College%20Head%20Coaches/Jim_Criner/1985_iowa-state_roster.csv,Greg Liter*,NA,DL,,1985,Iowa State,Jim Criner
https://raw.githubusercontent.com/RKRoberts97/byu_football_tree/refs/heads/main/College/Coaches/College%20Head%20Coaches/Jim_Criner/1985_iowa-state_roster.csv,Jim Luebbers*,NA,DL,,1985,Iowa State,Jim Criner
https://raw.githubusercontent.com/RKRoberts97/byu_football_tree/refs/heads/main/College/Coaches/College%20Head%20Coaches/Jim_Criner/1985_iowa-state_roster.csv,Lester Williams*,NA,DL,,1985,Iowa State,Jim Criner
https://raw.githubusercontent.com/RKRoberts97/byu_football_tree/refs/heads/main/College/Coaches/College%20Head%20Coaches/Jim_Criner/1985_iowa-state_roster.csv,Perry Laures,NA,DL,,1985,Iowa State,Jim Criner
https://raw.githubusercontent.com/RKRoberts97/byu_football_tree/refs/heads/main/College/Coaches/College%20Head%20Coaches/Jim_Criner/1985_iowa-state_roster.csv,Jeff Braswell*,NA,LB,,1985,Iowa State,Jim Criner
https://raw.githubusercontent.com/RKRoberts97/byu_football_tree/refs/heads/main/College/Coaches/College%20Head%20Coaches/Jim_Criner/1985_iowa-state_roster.csv,Dennis Gibson*,NA,LB,,1985,Iowa State,Jim Criner
https://raw.githubusercontent.com/RKRoberts97/byu_football_tree/refs/heads/main/College/Coaches/College%20Head%20Coaches/Jim_Criner/1985_iowa-state_roster.csv,Tim Iversen*,NA,LB,,1985,Iowa State,Jim Criner
https://raw.githubusercontent.com/RKRoberts97/byu_football_tree/refs/heads/main/College/Coaches/College%20Head%20Coaches/Jim_Criner/1985_iowa-state_roster.csv,Randy Richards,NA,LB,,1985,Iowa State,Jim Criner
https://raw.githubusercontent.com/RKRoberts97/byu_football_tree/refs/heads/main/College/Coaches/College%20Head%20Coaches/Jim_Criner/1985_iowa-state_roster.csv,Terrence Anthony*,NA,DB,,1985,Iowa State,Jim Criner
https://raw.githubusercontent.com/RKRoberts97/byu_football_tree/refs/heads/main/College/Coaches/College%20Head%20Coaches/Jim_Criner/1985_iowa-state_roster.csv,Anthony Mayze*,NA,DB,,1985,Iowa State,Jim Criner
https://raw.githubusercontent.com/RKRoberts97/byu_football_tree/refs/heads/main/College/Coaches/College%20Head%20Coaches/Jim_Criner/1985_iowa-state_roster.csv,Milon Pitts*,NA,DB,,1985,Iowa State,Jim Criner
https://raw.githubusercontent.com/RKRoberts97/byu_football_tree/refs/heads/main/College/Coaches/College%20Head%20Coaches/Jim_Criner/1985_iowa-state_roster.csv,Brian Reffner*,NA,DB,,1985,Iowa State,Jim Criner
https://raw.githubusercontent.com/RKRoberts97/byu_football_tree/refs/heads/main/College/Coaches/College%20Head%20Coaches/Jim_Criner/1985_iowa-state_roster.csv,Kevin Colon,NA,DB,,1985,Iowa State,Jim Criner
https://raw.githubusercontent.com/RKRoberts97/byu_football_tree/refs/heads/main/College/Coaches/College%20Head%20Coaches/Jim_Criner/1985_iowa-state_roster.csv,Aaron Manning,NA,DB,,1985,Iowa State,Jim Criner
https://raw.githubusercontent.com/RKRoberts97/byu_football_tree/refs/heads/main/College/Coaches/College%20Head%20Coaches/Jim_Criner/1985_iowa-state_roster.csv,Andre Cheeks,NA,DB,,1985,Iowa State,Jim Criner
https://raw.githubusercontent.com/RKRoberts97/byu_football_tree/refs/heads/main/College/Coaches/College%20Head%20Coaches/Jim_Criner/1985_iowa-state_roster.csv,Jeff Dole,NA,DB,,1985,Iowa State,Jim Criner
https://raw.githubusercontent.com/RKRoberts97/byu_football_tree/refs/heads/main/College/Coaches/College%20Head%20Coaches/Jim_Criner/1985_iowa-state_roster.csv,Rick Frank,NA,P,,1985,Iowa State,Jim Criner
https://raw.githubusercontent.com/RKRoberts97/byu_football_tree/refs/heads/main/College/Coaches/College%20Head%20Coaches/Jim_Criner/1985_iowa-state_roster.csv,Trent Van Hoosen,NA,KR,,1985,Iowa State,Jim Criner
https://raw.githubusercontent.com/RKRoberts97/byu_football_tree/refs/heads/main/College/Coaches/College%20Head%20Coaches/Jim_Criner/1985_iowa-state_roster.csv,Michael Taylor,NA,,,1985,Iowa State,Jim Criner
https://raw.githubusercontent.com/RKRoberts97/byu_football_tree/refs/heads/main/College/Coaches/College%20Head%20Coaches/Jim_Criner/1986_iowa-state_roster.csv,Alex Espinoza,NA,QB,"153 Cmp, 299 Att, 2023 Yds, 15 TD",1986,Iowa State,Jim Criner
https://raw.githubusercontent.com/RKRoberts97/byu_football_tree/refs/heads/main/College/Coaches/College%20Head%20Coaches/Jim_Criner/1986_iowa-state_roster.csv,Brett Sadek,NA,QB,"12 Cmp, 22 Att, 179 Yds, 3 TD",1986,Iowa State,Jim Criner
https://raw.githubusercontent.com/RKRoberts97/byu_football_tree/refs/heads/main/College/Coaches/College%20Head%20Coaches/Jim_Criner/1986_iowa-state_roster.csv,Joe Henderson*,NA,RB,"122 Att, 436 Yds, 3.6 Avg",1986,Iowa State,Jim Criner
https://raw.githubusercontent.com/RKRoberts97/byu_football_tree/refs/heads/main/College/Coaches/College%20Head%20Coaches/Jim_Criner/1986_iowa-state_roster.csv,Sylvester Nickerson,NA,RB,"34 Att, 131 Yds, 3.9 Avg",1986,Iowa State,Jim Criner
https://raw.githubusercontent.com/RKRoberts97/byu_football_tree/refs/heads/main/College/Coaches/College%20Head%20Coaches/Jim_Criner/1986_iowa-state_roster.csv,Curtis Warren,NA,RB,"30 Att, 148 Yds, 4.9 Avg",1986,Iowa State,Jim Criner
https://raw.githubusercontent.com/RKRoberts97/byu_football_tree/refs/heads/main/College/Coaches/College%20Head%20Coaches/Jim_Criner/1986_iowa-state_roster.csv,Michael Brown,NA,RB,"13 Att, 65 Yds, 5.0 Avg",1986,Iowa State,Jim Criner
https://raw.githubusercontent.com/RKRoberts97/byu_football_tree/refs/heads/main/College/Coaches/College%20Head%20Coaches/Jim_Criner/1986_iowa-state_roster.csv,Tom Kiska,NA,RB,"8 Att, 33 Yds, 4.1 Avg",1986,Iowa State,Jim Criner
https://raw.githubusercontent.com/RKRoberts97/byu_football_tree/refs/heads/main/College/Coaches/College%20Head%20Coaches/Jim_Criner/1986_iowa-state_roster.csv,Andrew Jackson,NA,RB,"143 Att, 455 Yds, 3.2 Avg",1986,Iowa State,Jim Criner
https://raw.githubusercontent.com/RKRoberts97/byu_football_tree/refs/heads/main/College/Coaches/College%20Head%20Coaches/Jim_Criner/1986_iowa-state_roster.csv,Robbie Minor*,NA,WR,"35 Rec, 592 Yds, 16.9 Avg",1986,Iowa State,Jim Criner
https://raw.githubusercontent.com/RKRoberts97/byu_football_tree/refs/heads/main/College/Coaches/College%20Head%20Coaches/Jim_Criner/1986_iowa-state_roster.csv,Dennis Ross*,NA,WR,"23 Rec, 312 Yds, 13.6 Avg",1986,Iowa State,Jim Criner
https://raw.githubusercontent.com/RKRoberts97/byu_football_tree/refs/heads/main/College/Coaches/College%20Head%20Coaches/Jim_Criner/1986_iowa-state_roster.csv,Eddie Brown,NA,WR,"9 Rec, 159 Yds, 17.7 Avg",1986,Iowa State,Jim Criner
https://raw.githubusercontent.com/RKRoberts97/byu_football_tree/refs/heads/main/College/Coaches/College%20Head%20Coaches/Jim_Criner/1986_iowa-state_roster.csv,Tom Schulting,NA,WR,"16 Rec, 234 Yds, 14.6 Avg",1986,Iowa State,Jim Criner
https://raw.githubusercontent.com/RKRoberts97/byu_football_tree/refs/heads/main/College/Coaches/College%20Head%20Coaches/Jim_Criner/1986_iowa-state_roster.csv,Eddie Bridges,NA,WR,"15 Rec, 330 Yds, 22.0 Avg",1986,Iowa State,Jim Criner
https://raw.githubusercontent.com/RKRoberts97/byu_football_tree/refs/heads/main/College/Coaches/College%20Head%20Coaches/Jim_Criner/1986_iowa-state_roster.csv,Tom Stawniak*,NA,TE,"7 Rec, 75 Yds, 10.7 Avg",1986,Iowa State,Jim Criner
https://raw.githubusercontent.com/RKRoberts97/byu_football_tree/refs/heads/main/College/Coaches/College%20Head%20Coaches/Jim_Criner/1986_iowa-state_roster.csv,Mike Busch,NA,TE,"7 Rec, 90 Yds, 12.9 Avg",1986,Iowa State,Jim Criner
https://raw.githubusercontent.com/RKRoberts97/byu_football_tree/refs/heads/main/College/Coaches/College%20Head%20Coaches/Jim_Criner/1986_iowa-state_roster.csv,Marcus Lester,NA,TE,"2 Rec, 18 Yds, 9.0 Avg",1986,Iowa State,Jim Criner
https://raw.githubusercontent.com/RKRoberts97/byu_football_tree/refs/heads/main/College/Coaches/College%20Head%20Coaches/Jim_Criner/1986_iowa-state_roster.csv,Eric Huhndorf*,NA,OL,,1986,Iowa State,Jim Criner
https://raw.githubusercontent.com/RKRoberts97/byu_football_tree/refs/heads/main/College/Coaches/College%20Head%20Coaches/Jim_Criner/1986_iowa-state_roster.csv,Vince Jasper*,NA,OL,,1986,Iowa State,Jim Criner
https://raw.githubusercontent.com/RKRoberts97/byu_football_tree/refs/heads/main/College/Coaches/College%20Head%20Coaches/Jim_Criner/1986_iowa-state_roster.csv,Brett Lawrence*,NA,OL,,1986,Iowa State,Jim Criner
https://raw.githubusercontent.com/RKRoberts97/byu_football_tree/refs/heads/main/College/Coaches/College%20Head%20Coaches/Jim_Criner/1986_iowa-state_roster.csv,Channon Mawdsley*,NA,OL,,1986,Iowa State,Jim Criner
https://raw.githubusercontent.com/RKRoberts97/byu_football_tree/refs/heads/main/College/Coaches/College%20Head%20Coaches/Jim_Criner/1986_iowa-state_roster.csv,Keith Sims*,NA,OL,,1986,Iowa State,Jim Criner
https://raw.githubusercontent.com/RKRoberts97/byu_football_tree/refs/heads/main/College/Coaches/College%20Head%20Coaches/Jim_Criner/1986_iowa-state_roster.csv,Scott Benson*,NA,DL,,1986,Iowa State,Jim Criner
https://raw.githubusercontent.com/RKRoberts97/byu_football_tree/refs/heads/main/College/Coaches/College%20Head%20Coaches/Jim_Criner/1986_iowa-state_roster.csv,Bill Berthusen*,NA,DL,,1986,Iowa State,Jim Criner
https://raw.githubusercontent.com/RKRoberts97/byu_football_tree/refs/heads/main/College/Coaches/College%20Head%20Coaches/Jim_Criner/1986_iowa-state_roster.csv,Robert Dabney*,NA,DL,,1986,Iowa State,Jim Criner
https://raw.githubusercontent.com/RKRoberts97/byu_football_tree/refs/heads/main/College/Coaches/College%20Head%20Coaches/Jim_Criner/1986_iowa-state_roster.csv,Greg Liter*,NA,DL,,1986,Iowa State,Jim Criner
https://raw.githubusercontent.com/RKRoberts97/byu_football_tree/refs/heads/main/College/Coaches/College%20Head%20Coaches/Jim_Criner/1986_iowa-state_roster.csv,John Cinefro,NA,DL,,1986,Iowa State,Jim Criner
https://raw.githubusercontent.com/RKRoberts97/byu_football_tree/refs/heads/main/College/Coaches/College%20Head%20Coaches/Jim_Criner/1986_iowa-state_roster.csv,Dennis Gibson*,NA,LB,,1986,Iowa State,Jim Criner
https://raw.githubusercontent.com/RKRoberts97/byu_football_tree/refs/heads/main/College/Coaches/College%20Head%20Coaches/Jim_Criner/1986_iowa-state_roster.csv,Chris Moore*,NA,LB,,1986,Iowa State,Jim Criner
https://raw.githubusercontent.com/RKRoberts97/byu_football_tree/refs/heads/main/College/Coaches/College%20Head%20Coaches/Jim_Criner/1986_iowa-state_roster.csv,Darrin Trieb*,NA,LB,,1986,Iowa State,Jim Criner
https://raw.githubusercontent.com/RKRoberts97/byu_football_tree/refs/heads/main/College/Coaches/College%20Head%20Coaches/Jim_Criner/1986_iowa-state_roster.csv,Anthony Hoskins,NA,LB,,1986,Iowa State,Jim Criner
https://raw.githubusercontent.com/RKRoberts97/byu_football_tree/refs/heads/main/College/Coaches/College%20Head%20Coaches/Jim_Criner/1986_iowa-state_roster.csv,Terrence Anthony*,NA,DB,,1986,Iowa State,Jim Criner
https://raw.githubusercontent.com/RKRoberts97/byu_football_tree/refs/heads/main/College/Coaches/College%20Head%20Coaches/Jim_Criner/1986_iowa-state_roster.csv,Aaron Manning*,NA,DB,,1986,Iowa State,Jim Criner
https://raw.githubusercontent.com/RKRoberts97/byu_football_tree/refs/heads/main/College/Coaches/College%20Head%20Coaches/Jim_Criner/1986_iowa-state_roster.csv,Milon Pitts*,NA,DB,,1986,Iowa State,Jim Criner
https://raw.githubusercontent.com/RKRoberts97/byu_football_tree/refs/heads/main/College/Coaches/College%20Head%20Coaches/Jim_Criner/1986_iowa-state_roster.csv,Brian Reffner*,NA,DB,,1986,Iowa State,Jim Criner
https://raw.githubusercontent.com/RKRoberts97/byu_football_tree/refs/heads/main/College/Coaches/College%20Head%20Coaches/Jim_Criner/1986_iowa-state_roster.csv,Kevin Colon,NA,DB,,1986,Iowa State,Jim Criner
https://raw.githubusercontent.com/RKRoberts97/byu_football_tree/refs/heads/main/College/Coaches/College%20Head%20Coaches/Jim_Criner/1986_iowa-state_roster.csv,Terry Sheffey,NA,DB,,1986,Iowa State,Jim Criner
https://raw.githubusercontent.com/RKRoberts97/byu_football_tree/refs/heads/main/College/Coaches/College%20Head%20Coaches/Jim_Criner/1986_iowa-state_roster.csv,Jeff Dole,NA,DB,,1986,Iowa State,Jim Criner
https://raw.githubusercontent.com/RKRoberts97/byu_football_tree/refs/heads/main/College/Coaches/College%20Head%20Coaches/Jim_Criner/1986_iowa-state_roster.csv,Rick Frank,NA,P,,1986,Iowa State,Jim Criner
