,,,,,,Passing,Passing,Passing,Passing,Passing,Rushing,Rushing,Rushing,Receiving,Receiving,Receiving,Tackles,Tackles,,Def Interceptions,Def Interceptions,Def Interceptions,Scoring,Scoring,Scoring,Scoring,-additional
Rk,Player,Pos,From,To,G,Cmp,Att,Yds,TD,Int,Att,Yds,TD,Rec,Yds,TD,Solo,Ast,Sk,Int,Yds,TD,FGA,FGM,XPA,XPM,-9999
1,Husain Abdullah,DB,2013,2015,43,,,,0,,,,0,,,0,104,23,0.5,2,83,2,,,,,AbduHu99
2,Victor Abiamiri,DE,2007,2009,29,,,,0,,,,0,,,0,22,12,4.0,0,0,0,,,,,AbiaVi99
3,Kenneth Acker,CB,2016,2017,25,,,,0,,,,0,,,0,37,3,0.0,1,9,0,,,,,AckeKe00
4,Jamar Adams,DB,2010,2010,1,,,,0,,,,0,,,0,2,1,0.0,0,0,0,,,,,AdamJa20
5,Keith Adams,LB,2002,2005,57,,,,0,,,,0,,,0,125,20,0.0,0,0,0,,,,,AdamKe20
6,David Akers,K,1999,2010,188,1,1,11,0,0,2,25,0,,,0,25,5,0.0,0,0,0,357,294,447,441,akersdav01
7,Branden Albert,G,2013,2013,12,,,,0,,,,0,,,0,,,0.0,0,0,0,,,,,AlbeBr20
8,D.J. Alexander,OLB,2015,2016,32,,,,0,,,,0,,,0,26,4,0.0,0,0,0,,,,,AlexD.00
9,Nick Allegretti,G,2019,2023,74,,,,0,,,,0,,,0,0,0,0.0,0,0,0,,,,,AlleNi00
10,Ian Allen,T,2004,2004,4,,,,0,,,,0,,,0,,,0.0,0,0,0,,,,,AlleIa20
11,Jeff Allen,T,2013,2019,42,,,,0,,,,0,,,0,1,0,0.0,0,0,0,,,,,AlleJe01
12,Nate Allen,DB,2010,2012,43,,,,0,,,,0,,,0,148,32,2.0,5,71,0,,,,,AlleNa99
13,Ugo Amadi,S,2022,2022,1,,,,0,,,,0,,,0,0,1,0.0,0,0,0,,,,,AmadUg00
14,Matt Ammendola,K,2022,2022,2,,,,0,,,,0,,,0,1,0,0.0,0,0,0,4,3,4,3,AmmeMa00
15,Colt Anderson,DB,2010,2012,34,,,,0,,,,0,0,0,0,58,4,0.0,1,4,0,,,,,AndeCo01
16,Zayne Anderson,DB,2021,2022,7,,,,0,,,,0,,,0,1,0,0.0,0,0,0,,,,,AndeZa02
17,Shawn Andrews,G-T,2004,2008,50,,,,0,,,,0,,,0,0,0,0.0,0,0,0,,,,,AndrSh55
18,Stacy Andrews,T,2009,2009,10,,,,0,,,,0,,,0,,,0.0,0,0,0,,,,,AndrSt21
19,Felix Anudike-Uzomah,DE,2023,2024,34,,,,0,,,,0,,,0,24,17,3.0,0,0,0,,,,,AnudFe00
20,Matt Araiza,P,2024,2025,20,,,,0,,,,0,,,0,2,0,0.0,0,0,0,,,,,AraiMa00
21,Jon Asamoah,G,2013,2013,14,,,,0,,,,0,,,0,0,0,0.0,0,0,0,,,,,AsamJo20
22,Nnamdi Asomugha,DB,2011,2012,32,,,,0,,,,0,,,0,82,13,0.0,4,10,0,,,,,AsomNn20
23,Darnell Autry,RB,2000,2000,11,,,,0,,112,334,3,24,275,1,1,0,0.0,0,0,0,,,,,AutrDa00
24,Jason Avant,WR,2006,2015,121,,,,0,,1,1,0,287,3470,10,22,5,0.0,0,0,0,,,,,AvanJa00
25,Donnie Avery,WR,2013,2014,22,,,,0,,2,6,0,55,772,2,0,0,0.0,0,0,0,,,,,AverDo00
26,Jason Babin,OLB-DE,2009,2012,39,,,,0,,,,0,,,0,67,15,26.0,0,0,0,,,,,BabiJa20
27,Allen Bailey,DL,2013,2018,76,,,,0,,,,0,,,0,131,61,18.5,0,0,0,,,,,BailAl00
28,Deandre Baker,CB,2020,2021,10,,,,0,,,,0,,,0,17,4,1.0,0,0,0,,,,,BakeDe00
29,Jason Baker,P,2002,2002,2,,,,0,,,,0,,,0,,,0.0,0,0,0,,,,,BakeJa20
30,Shawn Barber,LB,2002,2006,29,,,,0,,,,0,,,0,104,39,1.0,2,81,1,,,,,BarbSh20
31,Antwan Barnes,OLB,2010,2010,2,,,,0,,,,0,,,0,3,0,0.0,0,0,0,,,,,BarnAn99
32,T.J. Barnes,DT,2016,2016,5,,,,0,,,,0,,,0,1,0,0.0,0,0,0,,,,,BarnT.00
33,Sam Barrington,ILB,2016,2016,2,,,,0,,,,0,,,0,0,0,0.0,0,0,0,,,,,BarrSa00
34,Mike Bartrum,TE-C,2000,2006,107,0,1,0,0,0,,,0,9,63,4,18,7,0.0,0,0,0,,,,,BartMi00
35,Hank Baskett,WR,2006,2010,50,0,1,0,0,1,,,0,72,1052,6,6,1,0.0,0,0,0,,,,,BaskHa00
36,Jeffrey Bassa,LB,2025,2025,3,,,,0,,,,0,,,0,3,0,0.0,0,0,0,,,,,BassJe00
37,Blake Bell,TE,2019,2023,51,,,,0,,4,10,0,24,200,2,2,1,0.0,0,0,0,,,,,BellBl00
38,Demetress Bell,T,2012,2012,9,,,,0,,,,0,,,0,0,0,0.0,0,0,0,,,,,BellDe20
39,Joique Bell,RB,2010,2010,3,,,,0,,,,0,,,0,,,0.0,0,0,0,,,,,BellJo01
40,Le'Veon Bell,RB,2020,2020,9,,,,0,,63,254,2,13,99,0,0,0,0.0,0,0,0,,,,,BellLe00
41,Mike Bell,RB,2010,2010,5,,,,0,,16,28,0,1,5,0,0,0,0.0,0,0,0,,,,,BellMi00
42,Kelvin Benjamin,WR,2018,2018,3,,,,0,,,,0,2,26,0,0,0,0.0,0,0,0,,,,,BenjKe00
43,Eric Berry,DB,2013,2018,56,,,,0,,,,0,,,0,227,40,3.5,9,272,4,,,,,BerrEr99
44,Eric Bieniemy,RB,1999,1999,16,,,,0,,12,75,1,2,28,0,12,1,0.0,0,0,0,,,,,BienEr00
45,Blaine Bishop,DB,2002,2002,12,,,,0,,,,0,,,0,29,12,2.0,0,0,0,,,,,BishBl00
46,Jeff Blake,QB,2004,2004,3,18,37,126,1,1,3,6,0,,,0,,,0.0,0,0,0,,,,,BlakJe00
47,Austin Blythe,C,2021,2021,4,,,,0,,,,0,,,0,0,0,0.0,0,0,0,,,,,BlytAu00
48,Nick Bolton,LB,2021,2025,60,,,,0,,,,0,,,0,304,182,5.0,4,16,0,,,,,BoltNi00
49,Lorenzo Booker,RB,2008,2008,10,,,,0,,20,53,0,6,11,0,0,0,0.0,0,0,0,,,,,BookLo00
50,Dicaprio Bootle,CB,2021,2022,7,,,,0,,,,0,,,0,7,4,0.0,0,0,0,,,,,BootDi00
51,James Bostic,RB,1999,1999,9,,,,0,,5,19,0,5,8,0,3,4,0.0,0,0,0,,,,,BostJa00
52,Jason Bostic,DB,1999,2000,17,,,,0,,,,0,,,0,20,5,0.0,0,0,0,,,,,BostJa20
53,Dwayne Bowe,WR,2013,2014,30,,,,0,,,,0,117,1427,5,0,0,0.0,0,0,0,,,,,BoweDw00
54,Ekow Boye-Doe,CB,2023,2023,6,,,,0,,,,0,,,0,0,0,0.0,0,0,0,,,,,BoyeEk00
55,Brandon Boykin,CB,2012,2012,16,,,,0,,,,0,,,0,29,2,1.0,0,0,0,,,,,BoykBr00
56,Swayze Bozeman,LB,2024,2024,3,,,,0,,,,0,,,0,2,1,0.0,0,0,0,,,,,BozeSw00
57,Stewart Bradley,LB,2007,2010,44,,,,0,,,,0,,,0,157,40,3.0,3,30,0,,,,,BradSt99
58,Tyvon Branch,DB,2015,2015,16,,,,0,,,,0,,,0,35,8,1.0,1,38,1,,,,,BranTy99
59,Tyler Bray,QB,2017,2017,1,0,1,0,0,0,1,0,0,,,0,0,0,0.0,0,0,0,,,,,BrayTy00
60,Bashaud Breeland,CB,2019,2020,27,,,,0,,,,0,,,0,67,19,0.0,4,33,0,,,,,BreeBa00
61,Jack Brewer,DB,2005,2005,6,,,,0,,,,0,,,0,2,1,0.0,0,0,0,,,,,BrewJa20
62,Kevin Brock,TE,2013,2013,4,,,,0,,,,0,3,36,0,0,0,0.0,0,0,0,,,,,BrocKe00
63,Cortez Broughton,DL,2021,2021,1,,,,0,,,,0,,,0,0,0,0.0,0,0,0,,,,,BrouCo00
64,Luther Broughton,TE,1999,2000,31,,,,0,,,,0,38,399,4,3,1,0.0,0,0,0,,,,,BrouLu00
65,Alex Brown,DB,2019,2019,3,,,,0,,,,0,,,0,2,0,0.0,0,0,0,,,,,BrowAl02
66,Bryce Brown,RB,2012,2012,16,,,,0,,115,564,4,13,56,0,1,1,0.0,0,0,0,,,,,BrowBr02
67,Marquise Brown,WR,2024,2025,5,,,,0,,,,0,28,262,0,0,0,0.0,0,0,0,,,,,BrowMa04
68,Na Brown,WR,1999,2001,42,,,,0,,,,0,34,363,2,0,0,0.0,0,0,0,,,,,BrowNa00
69,Orlando Brown Jr.,OT,2021,2022,33,,,,0,,,,0,,,0,0,0,0.0,0,0,0,,,,,BrowOr00
70,Reggie Brown,WR,2005,2009,72,,,,0,,11,68,1,177,2574,17,1,0,0.0,0,0,0,,,,,BrowRe01
71,Ronnie Brown,RB,2011,2011,16,,,,0,,42,136,1,0,0,0,1,1,0.0,0,0,0,,,,,BrowRo05
72,Sheldon Brown,DB,2002,2009,128,,,,0,,,,0,,,0,355,83,7.0,19,399,3,,,,,BrowSh20
73,Jason Brownlee,WR,2025,2025,3,,,,0,,,,0,0,0,0,0,0,0.0,0,0,0,,,,,BrowJa07
74,Daryon Brutley,DB,2003,2003,1,,,,0,,,,0,,,0,0,1,0.0,0,0,0,,,,,BrutDa20
75,Doug Brzezinski,G,1999,2002,64,,,,0,,,,0,,,0,0,0,0.0,0,0,0,,,,,BrzeDo20
76,Correll Buckhalter,RB,2001,2008,74,,,,0,,476,2155,18,85,930,4,9,0,0.0,0,0,0,,,,,BuckCo00
77,Eldra Buckley,RB,2009,2010,32,,,,0,,36,111,1,1,10,0,18,1,0.0,0,0,0,,,,,BuckEl00
78,Brodrick Bunkley,DT,2006,2010,76,,,,0,,,,0,,,0,112,33,6.0,0,0,0,,,,,BunkBr20
79,Derrick Burgess,DE-LB,2001,2010,30,,,,0,,,,0,,,0,45,12,8.5,0,0,0,,,,,BurgDe99
80,Michael Burton,FB,2021,2022,33,,,,0,,13,33,1,5,42,0,6,7,0.0,0,0,0,,,,,BurtMi00
81,Deon Bush,FS,2022,2024,24,,,,0,,,,0,,,0,13,8,0.0,0,0,0,,,,,BushDe00
82,Matt Bushman,TE,2023,2023,1,,,,0,,,,0,,,0,0,0,0.0,0,0,0,,,,,BushMa00
83,Harrison Butker,K,2017,2025,123,,,,0,,,,0,,,0,2,1,0.0,0,0,0,255,225,363,341,ButkHa00
84,Mike Caldwell,LB,1999,2001,46,,,,0,,,,0,,,0,166,41,4.0,2,38,1,,,,,CaldMi20
85,Mike Caliendo,G,2023,2025,28,,,,0,,,,0,1,5,0,0,0,0.0,0,0,0,,,,,CaliMi00
86,Jorrick Calvin,DB,2010,2010,12,,,,0,,,,0,,,0,1,0,0.0,0,0,0,,,,,CalvJo99
87,Mike Catapano,DE,2013,2013,15,,,,0,,,,0,,,0,3,1,1.0,0,0,0,,,,,CataMi00
88,Quinton Caver,LB,2001,2002,16,,,,0,,,,0,,,0,13,4,0.0,0,0,0,,,,,CaveQu20
89,Brent Celek,TE,2007,2012,95,,,,0,,,,0,280,3473,20,4,1,0.0,0,0,0,,,,,CeleBr00
90,Jamar Chaney,LB,2010,2012,44,,,,0,,,,0,,,0,117,41,1.0,3,25,0,,,,,ChanJa98
91,Jamaal Charles,RB,2013,2016,38,,,,0,,548,2724,26,133,1175,13,1,0,0.0,0,0,0,,,,,CharJa00
92,Orson Charles,TE,2017,2017,5,,,,0,,,,0,2,53,0,1,0,0.0,0,0,0,,,,,CharOr00
93,Taco Charlton,DE,2020,2020,7,,,,0,,,,0,,,0,4,3,2.0,0,0,0,,,,,CharTa00
94,Leo Chenal,LB,2022,2025,54,,,,0,,,,0,,,0,103,67,5.0,0,0,0,,,,,ChenLe00
95,Je'Rod Cherry,DB,2000,2000,13,,,,0,,,,0,,,0,7,0,0.0,0,0,0,,,,,CherJe20
96,Jehu Chesson,WR,2017,2017,12,,,,0,,,,0,2,18,0,5,0,0.0,0,0,0,,,,,ChesJe00
97,Geron Christian,OT,2022,2022,10,,,,0,,,,0,,,0,0,0,0.0,0,0,0,,,,,ChriGe01
98,Cole Christiansen,LB,2022,2024,15,,,,0,,,,0,,,0,3,0,0.0,0,0,0,,,,,ChriCo00
99,Morris Claiborne,CB,2019,2019,8,,,,0,,,,0,,,0,9,5,0.0,0,0,0,,,,,ClaiMo00
100,Frank Clark,DE,2019,2022,58,,,,0,,,,0,,,0,88,39,23.5,1,5,0,,,,,ClarFr01
101,Jeremy Clark,DT,2010,2010,1,,,,0,,,,0,,,0,,,0.0,0,0,0,,,,,ClarJe01
102,Adrien Clarke,G,2005,2005,14,,,,0,,,,0,,,0,0,0,0.0,0,0,0,,,,,ClarAd20
103,Keenan Clayton,LB,2010,2011,21,,,,0,,,,0,,,0,33,10,0.0,0,0,0,,,,,ClayKe99
104,Chris Clemons,OLB,2008,2009,32,,,,0,,,,0,,,0,20,6,7.0,0,0,0,,,,,ClemCh23
105,Omari Cobb,LB,2020,2020,1,,,,0,,,,0,,,0,1,0,0.0,0,0,0,,,,,CobbOm00
106,Keondre Coburn,DT,2023,2023,1,,,,0,,,,0,,,0,1,0,0.0,0,0,0,,,,,CobuKe00
107,Jack Cochrane,LB,2022,2025,50,,,,0,,,,0,,,0,29,14,0.0,0,0,0,,,,,CochJa00
108,Nick Cole,C,2006,2010,77,,,,0,,,,0,,,0,2,0,0.0,0,0,0,,,,,ColeNi20
109,Trent Cole,DE-LB,2005,2012,124,,,,0,,,,0,,,0,352,109,71.0,1,19,1,,,,,ColeTr20
110,Kurt Coleman,LB,2010,2014,59,,,,0,,,,0,,,0,191,53,0.0,10,92,0,,,,,ColeKu99
111,Marco Coleman,DE-LB,2003,2003,13,,,,0,,,,0,,,0,15,2,0.5,0,0,0,,,,,ColeMa00
112,Dustin Colquitt,P,2013,2019,112,1,2,6,0,0,,,0,,,0,3,0,0.0,0,0,0,,,,,ColqDu20
113,Sanders Commings,CB,2013,2013,2,,,,0,,,,0,,,0,1,0,0.0,0,0,0,,,,,CommSa00
114,Chris Conley,WR,2015,2018,53,,,,0,,,,0,104,1238,6,4,0,0.0,0,0,0,,,,,ConlCh00
115,Chamarri Conner,DB,2023,2025,35,,,,0,,,,0,,,0,100,37,1.0,3,36,0,,,,,ConnCh01
116,Sean Considine,DB,2005,2008,46,,,,0,,,,0,,,0,112,44,1.5,2,12,0,,,,,ConsSe20
117,Bryan Cook,S,2022,2025,48,,,,0,,,,0,,,0,109,53,1.0,3,9,0,,,,,CookBr02
118,Rashard Cook,DB,1999,2002,47,,,,0,,,,0,,,0,48,9,3.0,2,40,0,,,,,CookRa20
119,Marcus Cooper,CB,2013,2015,39,,,,0,,,,0,,,0,64,3,0.0,3,32,0,,,,,CoopMa00
120,Riley Cooper,WR,2010,2012,40,,,,0,,,,0,46,679,5,10,1,0.0,0,0,0,,,,,CoopRi00
121,Jose Cortez,K,2005,2005,4,,,,0,,,,0,,,0,,,0.0,0,0,0,,,3,3,cortejos01
122,Fletcher Cox,DT,2012,2012,15,,,,0,,,,0,,,0,32,7,5.5,0,0,0,,,,,CoxxFl00
123,Darrel Crutchfield,DB,2001,2001,4,,,,0,,,,0,,,0,1,1,0.0,0,0,0,,,,,CrutDa20
124,Baylor Cupp,TE,2024,2024,1,,,,0,,,,0,0,0,0,0,0,0.0,0,0,0,,,,,CuppBa00
125,Vinny Curry,DE,2012,2012,6,,,,0,,,,0,,,0,8,1,0.0,0,0,0,,,,,CurrVi00
126,Kevin Curtis,WR,2007,2009,28,,,,0,,,,0,116,1577,8,0,0,0.0,0,0,0,,,,,CurtKe00
127,Chase Daniel,QB,2013,2015,10,43,68,409,1,1,20,65,0,,,0,0,0,0.0,0,0,0,,,,,DaniCh00
128,Torrance Daniels,LB,2006,2008,22,,,,0,,,,0,,,0,17,2,0.0,0,0,0,,,,,DaniTo20
129,Michael Danna,DE,2020,2025,74,,,,0,,,,0,,,0,89,82,20.5,0,0,0,,,,,DannMi00
130,Trey Darilek,G,2004,2005,18,,,,0,,,,0,,,0,,,0.0,0,0,0,,,,,DariTr20
131,James Darling,LB,1999,2000,31,,,,0,,,,0,,,0,62,23,0.5,1,33,0,,,,,DarlJa20
132,Ja'Gared Davis,LB,2014,2014,1,,,,0,,,,0,,,0,0,0,0.0,0,0,0,,,,,DaviJa02
133,Knile Davis,RB,2013,2016,55,,,,0,,245,800,11,32,267,1,1,0,0.0,0,0,0,,,,,DaviKn00
134,Pernell Davis,DT,1999,1999,2,,,,0,,,,0,,,0,,,0.0,0,0,0,,,,,DaviPe21
135,Brian Dawkins,DB,1999,2008,140,,,,0,,,,0,1,57,1,564,146,19.0,26,359,1,,,,,DawkBr00
136,Jeff Dellenbach,C-T-G,1999,1999,16,,,,0,,,,0,,,0,,,0.0,0,0,0,,,,,DellJe20
137,Quintin Demps,DB,2008,2013,41,,,,0,,,,0,,,0,51,16,1.0,5,73,0,,,,,DempQu99
138,Koy Detmer,QB,1999,2006,95,87,173,933,5,9,24,10,1,,,0,0,0,0.0,0,0,0,,,,,DetmKo00
139,Kyle DeVan,C,2011,2011,5,,,,,,,,,,,,0,0,,,,,,,,,DeVaKy00
140,Jordan Devey,T,2016,2018,17,,,,0,,,,0,,,0,0,0,0.0,0,0,0,,,,,DeveJo00
141,Mike DeVito,DE,2013,2015,28,,,,0,,,,0,,,0,31,17,3.0,0,0,0,,,,,DeViMi99
142,David Diaz-Infante,G-C,1999,1999,15,,,,0,,,,0,,,0,1,1,0.0,0,0,0,,,,,DiazDa20
143,Kori Dickerson,TE,2003,2003,2,,,,0,,,,0,,,0,3,0,0.0,0,0,0,,,,,DickKo20
144,Matt Dickerson,DE,2023,2023,12,,,,0,,,,0,,,0,7,8,0.0,0,0,0,,,,,DickMa00
145,Gehrig Dieter,WR,2018,2020,10,,,,0,,,,0,2,32,0,2,1,0.0,0,0,0,,,,,DietGe00
146,Antonio Dixon,DT,2009,2012,36,,,,0,,,,0,,,0,43,11,3.0,0,0,0,,,,,DixoAn99
147,Jon Dorenbos,C,2006,2012,101,,,,0,,,,0,,,0,16,2,0.0,0,0,0,,,,,DoreJo20
148,Dameane Douglas,WR,1999,2002,52,,,,0,,,,0,14,165,3,34,4,0.0,0,0,0,,,,,DougDa00
149,Hugh Douglas,DE,1999,2004,67,,,,0,,,,0,,,0,149,28,42.0,1,9,0,,,,,DougHu00
150,Ethan Driskell,OL,2024,2024,2,,,,0,,,,0,,,0,0,0,0.0,0,0,0,,,,,DrisEt00
151,Carlos Dunlap,DE,2022,2022,17,,,,0,,,,0,,,0,25,14,4.0,0,0,0,,,,,DunlCa99
152,King Dunlap,T,2009,2012,52,,,,0,,,,0,,,0,0,0,0.0,0,0,0,,,,,DunlKi20
153,Yasir Durant,T,2020,2020,11,,,,0,,,,0,,,0,0,0,0.0,0,0,0,,,,,DuraYa01
154,Laurent Duvernay-Tardif,OT,2015,2019,60,,,,0,,,,0,,,0,0,0,0.0,0,0,0,,,,,DuveLa00
155,Kyle Eckel,RB,2008,2008,5,,,,0,,24,79,0,,,0,1,0,0.0,0,0,0,,,,,EckeKy00
156,Mike Edwards,S,2023,2023,17,,,,0,,,,0,,,0,32,19,1.0,1,16,0,,,,,EdwaMi01
157,Trent Edwards,QB,2012,2012,1,2,2,14,0,0,,,0,0,0,0,0,0,0.0,0,0,0,,,,,EdwaTr01
158,Clyde Edwards-Helaire,RB,2020,2023,48,,,,0,,441,1845,12,89,765,7,0,0,0.0,0,0,0,,,,,EdwaCl00
159,Parker Ehinger,OG,2016,2017,6,,,,0,,,,0,,,0,0,0,0.0,0,0,0,,,,,EhinPa00
160,Ukeme Eligwe,OLB,2017,2017,14,,,,0,,,,0,,,0,5,0,1.0,0,0,0,,,,,EligUk00
161,Alex Ellis,TE,2018,2018,2,,,,0,,,,0,,,0,0,0,0.0,0,0,0,,,,,ElliAl01
162,Carlos Emmons,LB,2000,2003,60,,,,0,,,,0,,,0,232,70,5.0,2,8,0,,,,,EmmoCa20
163,Justin Ena,LB,2002,2005,31,,,,0,,,,0,,,0,22,5,0.0,0,0,0,,,,,EnaxJu20
164,Alonzo Ephraim,C,2003,2004,30,,,,0,,,,0,,,0,0,0,0.0,0,0,0,,,,,EphrAl20
165,Cameron Erving,OT,2017,2019,40,,,,0,,,,0,0,0,0,0,0,0.0,0,0,0,,,,,ErviCa00
166,Steve Everitt,C-G,1999,1999,16,,,,0,,,,0,,,0,0,0,0.0,0,0,0,,,,,EverSt20
167,Neil Farrell,DE,2023,2023,3,,,,0,,,,0,,,0,1,0,0.0,0,0,0,,,,,FarrNe00
168,Anthony Fasano,TE,2013,2014,24,,,,0,,,,0,48,426,7,0,0,0.0,0,0,0,,,,,FasaAn00
169,A.J. Feeley,QB,2001,2007,12,181,309,2177,16,14,20,32,0,,,0,0,0,0.0,0,0,0,,,,,FeelA.00
170,Rashad Fenton,CB,2019,2022,47,,,,0,,,,0,,,0,95,28,0.0,2,31,0,,,,,FentRa00
171,Brian Finneran,WR,1999,1999,3,,,,0,,,,0,2,21,0,1,0,0.0,0,0,0,,,,,FinnBr00
172,Anthony Firkser,TE,2024,2024,3,,,,0,,,,0,,,0,1,0,0.0,0,0,0,,,,,FirkAn00
173,Eric Fisher,OT,2013,2020,117,,,,0,,,,0,1,-3,1,0,0,0.0,0,0,0,,,,,FishEr00
174,Jim Flanigan,DT,2003,2003,6,,,,0,,,,0,,,0,4,0,0.0,0,0,0,,,,,FlanJi21
175,Jamell Fleming,CB,2014,2015,23,,,,0,,,,0,,,0,43,4,0.0,0,0,0,,,,,FlemJa00
176,Brandon Flowers,DB,2013,2013,13,,,,0,,,,0,,,0,63,5,1.0,1,32,0,,,,,FlowBr99
177,Moise Fokou,LB,2009,2011,43,,,,0,,,,0,,,0,85,27,1.0,0,0,0,,,,,FokoMo99
178,Nick Foles,QB,2012,2016,10,197,320,2109,9,5,15,38,1,,,0,0,0,0.0,0,0,0,,,,,FoleNi00
179,Dee Ford,DE,2014,2018,67,,,,0,,,,0,,,0,103,34,30.5,0,0,0,,,,,FordDe00
180,Jody Fortson,TE,2021,2024,22,,,,0,,,,0,15,160,4,1,1,0.0,0,0,0,,,,,FortJo01
181,Daurice Fountain,WR,2021,2021,2,,,,0,,,,0,,,0,1,0,0.0,0,0,0,,,,,FounDa00
182,Dustin Fox,DB,2006,2006,1,,,,0,,,,0,,,0,1,0,0.0,0,0,0,,,,,FoxxDu20
183,Hank Fraley,C-G,2001,2005,72,,,,0,,,,0,,,0,0,0,0.0,0,0,0,,,,,FralHa20
184,Todd France,K,2005,2005,3,,,,0,,,,0,,,0,1,0,0.0,0,0,0,7,6,5,5,franctod01
185,Jerry Franklin,LB,2014,2014,7,,,,0,,,,0,,,0,4,0,0.0,0,0,0,,,,,FranJe00
186,Antonio Freeman,WR,2002,2002,16,,,,0,,,,0,46,600,4,0,0,0.0,0,0,0,,,,,FreeAn00
187,Elliott Fry,K,2021,2021,1,,,,0,,,,0,,,0,0,0,0.0,0,0,0,4,3,4,3,FryxEl01
188,Kendall Fuller,CB,2018,2019,26,,,,0,,,,0,,,0,98,33,1.0,2,0,0,,,,,FullKe00
189,Kristian Fulton,CB,2025,2025,2,,,,0,,,,0,,,0,1,0,0.0,0,0,0,,,,,FultKr00
190,Zach Fulton,OG,2014,2017,63,,,,0,,,,0,,,0,0,0,0.0,0,0,0,,,,,FultZa00
191,Blaine Gabbert,QB,2023,2023,2,18,35,185,0,3,7,45,0,,,0,0,0,0.0,0,0,0,,,,,GabbBl00
192,Thomas Gafford,OLB,2013,2014,32,,,,0,,,,0,,,0,3,1,0.0,0,0,0,,,,,GaffTh20
193,Phillip Gaines,CB,2014,2017,41,,,,0,,,,0,,,0,90,10,0.0,1,0,0,,,,,GainPh00
194,Omar Gaither,LB,2006,2010,67,,,,0,,,,0,,,0,228,63,5.0,2,65,0,,,,,GaitOm20
195,Jeff Garcia,QB,2006,2009,9,116,188,1309,10,2,28,85,0,,,0,0,0,0.0,0,0,0,,,,,GarcJe00
196,Barry Gardner,LB,1999,2002,64,,,,0,,,,0,,,0,136,44,2.0,0,0,0,,,,,GardBa20
197,Michael Gasperson,WR,2007,2007,1,,,,0,,,,0,0,0,0,,,0.0,0,0,0,,,,,GaspMi00
198,Willie Gay Jr.,OLB,2020,2023,57,,,,0,,,,0,,,0,150,83,5.0,4,85,1,,,,,GayJWi00
199,Brandon Gibson,WR,2009,2009,1,,,,0,,,,0,,,0,,,0.0,0,0,0,,,,,GibsBr00
200,Ashton Gillotte,DE,2025,2025,3,,,,0,,,,0,,,0,2,2,0.0,0,0,0,,,,,GillAs00
201,Mardy Gilyard,WR,2012,2012,6,,,,0,,,,0,0,0,0,3,0,0.0,0,0,0,,,,,GilyMa00
202,Chris Gocong,DE,2007,2009,47,,,,0,,,,0,,,0,129,40,4.0,0,0,0,,,,,GocoCh99
203,Josh Gordon,WR,2021,2021,12,,,,0,,,,0,5,32,1,0,0,0.0,0,0,0,,,,,GordJo02
204,Lamar Gordon,RB,2005,2005,14,,,,0,,54,182,1,11,79,0,0,0,0.0,0,0,0,,,,,GordLa00
205,Richard Gordon,TE,2013,2014,4,,,,0,,,,0,1,3,0,1,0,0.0,0,0,0,,,,,GordRi00
206,Derrick Gore,RB,2021,2021,11,,,,0,,51,256,2,8,105,0,0,1,0.0,0,0,0,,,,,GoreDe00
207,Brandon Graham,DE,2010,2012,32,,,,0,,,,0,,,0,46,9,8.5,0,0,0,,,,,GrahBr99
208,Nick Graham,DB,2007,2007,15,,,,0,,,,0,,,0,8,4,0.0,0,0,0,,,,,GrahNi99
209,Paul Grasmanis,DT,2000,2005,54,,,,0,,,,0,,,0,79,23,10.5,0,0,0,,,,,GrasPa20
210,Cyrus Gray,RB,2013,2014,25,,,,0,,17,55,1,7,46,0,8,2,0.0,0,0,0,,,,,GrayCy00
211,Noah Gray,TE,2021,2025,70,,,,0,,3,-2,1,108,1098,9,4,3,0.0,0,0,0,,,,,GrayNo00
212,Jamaal Green,DE,2004,2004,8,,,,0,,,,0,,,0,2,0,1.0,0,0,0,,,,,GreeJa20
213,Kelly Gregg,NT-DT,1999,1999,3,,,,0,,,,0,,,0,2,0,0.0,0,0,0,,,,,GregKe20
214,Nakia Griffin-Stewart,TE,2021,2021,2,,,,0,,,,0,,,0,0,0,0.0,0,0,0,,,,,GrifNa00
215,Ben Grubbs,G,2015,2015,7,,,,0,,,,0,,,0,0,0,0.0,0,0,0,,,,,GrubBe20
216,Saalim Hakim,WR,2015,2015,2,,,,0,,,,0,,,0,0,0,0.0,0,0,0,,,,,HakiSa00
217,Tamba Hali,DE,2013,2017,67,,,,0,,,,0,,,0,150,38,27.0,1,10,1,,,,,HaliTa20
218,Chad Hall,WR,2010,2013,24,,,,0,,12,42,0,16,155,2,0,0,0.0,0,0,0,,,,,HallCh00
219,Antonio Hamilton,CB,2020,2020,16,,,,0,,,,0,,,0,9,3,0.0,0,0,0,,,,,HamiAn01
220,Justin Hamilton,DT,2017,2018,5,,,,0,,,,0,,,0,1,0,0.0,0,0,0,,,,,HamiJu00
221,Uhuru Hamiter,DE,2000,2001,8,,,,0,,,,0,,,0,6,2,0.0,0,0,0,,,,,HamiUh20
222,Frankie Hammond,WR,2014,2015,25,,,,0,,,,0,4,45,0,1,0,0.0,0,0,0,,,,,HammFr00
223,William Hampton,DB,2001,2001,13,,,,0,,,,0,,,0,10,1,0.0,1,33,1,,,,,HampWi20
224,C.J. Hanson,OG,2024,2024,1,,,,0,,,,0,,,0,0,0,0.0,0,0,0,,,,,HansCJ00
225,Joselio Hanson,DB,2006,2011,91,,,,0,,,,0,,,0,192,47,2.5,4,38,0,,,,,HansJo20
226,Clay Harbor,TE,2010,2012,39,,,,0,,,,0,47,421,4,0,0,0.0,0,0,0,,,,,HarbCl00
227,Mecole Hardman,WR,2019,2024,75,,,,0,,26,190,3,177,2296,16,1,0,0.0,0,0,0,,,,,HardMe00
228,Al Harris,DB,1999,2002,64,,,,0,,,,0,,,0,100,11,0.0,7,174,1,,,,,HarrAl21
229,Darius Harris,LB,2020,2023,33,,,,0,,,,0,,,0,35,23,1.5,0,0,0,,,,,HarrDa07
230,Demetrius Harris,TE,2014,2018,71,,,,0,,,,0,57,605,6,7,4,0.0,0,0,0,,,,,HarrDe03
231,Demone Harris,DE,2019,2021,7,,,,0,,,,0,,,0,5,2,0.0,0,0,0,,,,,HarrDe06
232,Ryan Harris,T,2014,2014,16,,,,0,,,,0,,,0,0,0,0.0,0,0,0,,,,,HarrRy20
233,Victor Harris,DB,2009,2009,15,,,,0,,,,0,,,0,38,3,0.0,0,0,0,,,,,HarrVi99
234,Jerome Harrison,RB,2010,2010,8,,,,0,,40,239,1,8,43,0,0,0,0.0,0,0,0,,,,,HarrJe00
235,Tyreo Harrison,LB,2002,2003,14,,,,0,,,,0,,,0,3,0,0.0,0,0,0,,,,,HarrTy20
236,Clinton Hart,DB,2003,2003,16,,,,0,,,,0,,,0,47,10,1.0,0,0,0,,,,,HartCl20
237,Tim Hasselbeck,QB,2002,2002,2,,,,0,,,,0,,,0,,,0.0,0,0,0,,,,,HassTi00
238,Tim Hauck,DB,1999,2001,48,,,,0,,,,0,,,0,102,42,0.0,1,2,0,,,,,HaucTi20
239,Stanley Havili,RB,2012,2012,15,,,,0,,6,22,1,7,43,0,6,1,0.0,0,0,0,,,,,HaviSt00
240,Junior Hemingway,WR,2013,2014,30,,,,0,,,,0,25,233,2,12,2,0.0,0,0,0,,,,,HemiJu00
241,Peyton Hendershot,TE,2024,2024,7,,,,0,,,,0,5,51,0,1,1,0.0,0,0,0,,,,,HendPe01
242,Alex Henery,K,2011,2012,32,,,,0,,,,0,,,0,3,0,0.0,0,0,0,58,51,72,71,HeneAl00
243,Chad Henne,QB,2018,2022,11,41,59,359,2,0,21,-4,1,,,0,0,0,0.0,0,0,0,,,,,HennCh01
244,Chas Henry,P,2011,2012,19,0,1,0,0,0,,,0,,,0,2,0,0.0,0,0,0,,,,,HenrCh02
245,Todd Herremans,T,2005,2012,103,,,,0,,,,0,2,3,2,1,0,0.0,0,0,0,,,,,HerrTo20
246,Malik Herring,DL,2022,2025,27,,,,0,,,,0,,,0,15,13,1.5,0,0,0,,,,,HerrMa02
247,Artis Hicks,G-T,2003,2005,38,,,,0,,,,0,,,0,0,0,0.0,0,0,0,,,,,HickAr20
248,Jaden Hicks,DB,2024,2025,20,,,,0,,1,1,0,,,0,28,8,0.0,3,50,0,,,,,HickJa01
249,Tyreek Hill,WR,2016,2021,91,0,1,0,0,1,93,719,6,479,6630,56,6,2,0.0,0,0,0,,,,,HillTy00
250,Anthony Hitchens,OLB,2018,2021,59,,,,0,,,,0,,,0,217,164,2.0,1,0,0,,,,,HitcAn00
251,Ellis Hobbs,DB,2009,2010,16,,,,0,,,,0,,,0,20,7,0.0,1,0,0,,,,,HobbEl20
252,Reggie Hodges,P,2005,2005,3,,,,0,,,,0,,,0,,,0.0,0,0,0,,,,,HodgRe20
253,Roderick Hood,DB,2003,2006,56,,,,0,,,,0,,,0,111,11,1.0,5,42,0,,,,,HoodRo20
254,DeAndre Hopkins,WR,2024,2024,10,,,,0,,,,0,41,437,4,0,0,0.0,0,0,0,,,,,HopkDe00
255,Justin Houston,LB,2013,2018,70,,,,0,,,,0,,,0,220,40,63.0,3,20,1,,,,,HousJu00
256,Austin Howard,T,2010,2010,4,,,,0,,,,0,,,0,,,0.0,0,0,0,,,,,HowaAu20
257,Darren Howard,DE,2006,2009,64,,,,0,,,,0,,,0,79,23,22.5,1,8,0,,,,,HowaDa21
258,Jaye Howard,DT,2013,2016,43,,,,0,,,,0,,,0,83,39,7.5,0,0,0,,,,,HowaJa00
259,Braxton Hoyett,DT,2020,2020,1,,,,0,,,,0,,,0,0,0,0.0,0,0,0,,,,,HoyeBr01
260,Rodney Hudson,C,2013,2014,32,,,,0,,,,0,,,0,0,0,0.0,0,0,0,,,,,HudsRo00
261,Brandon Hughes,DB,2010,2012,30,,,,0,,,,0,,,0,27,4,0.0,0,0,0,,,,,HughBr99
262,Mike Hughes,CB,2021,2021,17,,,,0,,,,0,,,0,40,7,0.0,1,0,0,,,,,HughMi00
263,Creed Humphrey,C,2021,2025,71,,,,0,,,,0,,,0,1,0,0.0,0,0,0,,,,,HumpCr00
264,D.J. Humphries,OT,2024,2024,2,,,,0,,,,0,,,0,0,0,0.0,0,0,0,,,,,HumpD.00
265,Akeem Hunt,RB,2017,2017,15,,,,0,,8,23,0,4,31,0,4,0,0.0,0,0,0,,,,,HuntAk01
266,Kareem Hunt,RB,2017,2025,43,,,,0,,676,2960,23,106,1032,10,0,0,0.0,0,0,0,,,,,HuntKa00
267,Phillip Hunt,LB,2011,2012,22,,,,0,,,,0,,,0,15,1,3.0,0,0,0,,,,,HuntPh00
268,Tony Hunt,RB,2007,2008,14,,,,0,,14,25,2,6,42,0,1,0,0.0,0,0,0,,,,,HuntTo01
269,Ryan Hunter,T,2019,2019,3,,,,0,,,,0,,,0,0,0,0.0,0,0,0,,,,,HuntRy00
270,Emil Igwenagu,FB,2012,2012,3,,,,0,,,,0,,,0,1,0,0.0,0,0,0,,,,,IgweEm00
271,Jack Ikegwuonu,DB,2009,2009,1,,,,0,,,,0,,,0,,,0.0,0,0,0,,,,,IkegJa99
272,Keaontay Ingram,RB,2024,2024,1,,,,0,,,,0,,,0,0,1,0.0,0,0,0,,,,,IngrKe01
273,Melvin Ingram,DE,2021,2021,9,,,,0,,,,0,,,0,7,8,1.0,0,0,0,,,,,IngrMe00
274,Danny Isidora,OG,2020,2020,1,,,,0,,,,0,,,0,0,0,0.0,0,0,0,,,,,IsidDa00
275,Joey Ivie,DT,2019,2019,5,,,,0,,,,0,,,0,0,2,0.0,0,0,0,,,,,IvieJo00
276,Alonzo Jackson,LB,2005,2005,1,,,,0,,,,0,,,0,2,0,0.0,0,0,0,,,,,JackAl23
277,DeSean Jackson,WR,2008,2012,71,0,1,0,0,1,54,371,3,274,4785,23,1,0,0.0,0,0,0,,,,,JackDe00
278,Jamaal Jackson,C-G,2005,2011,88,,,,0,,,,0,,,0,0,0,0.0,0,0,0,,,,,JackJa21
279,Josh Jackson,CB,2021,2021,2,,,,0,,,,0,,,0,1,3,0.0,0,0,0,,,,,JackJo01
280,Tyson Jackson,DE,2013,2013,15,,,,0,,,,0,,,0,25,9,4.0,0,0,0,,,,,JackTy98
281,Richie James,WR,2023,2023,9,,,,0,,,,0,10,114,0,0,0,0.0,0,0,0,,,,,JameRi00
282,Robert James,LB,2013,2013,0,,,,0,,,,0,,,0,0,0,0.0,0,0,0,,,,,JameRo99
283,Jaiquawn Jarrett,DB,2011,2012,13,,,,0,,,,0,,,0,15,2,0.0,0,0,0,,,,,JarrJa00
284,Max Jean-Gilles,G,2007,2010,42,,,,0,,,,0,,,0,0,0,0.0,0,0,0,,,,,JeanMa20
285,Greg Jefferson,DE,1999,1999,16,,,,0,,,,0,,,0,39,10,4.0,0,0,0,,,,,JeffGr20
286,Dietrich Jells,WR,1999,1999,14,,,,0,,,,0,10,180,2,2,0,0.0,0,0,0,,,,,JellDi00
287,A.J. Jenkins,WR,2013,2014,25,,,,0,,4,4,0,17,223,0,0,0,0.0,0,0,0,,,,,JenkA.00
288,Cullen Jenkins,DT,2011,2012,32,,,,0,,,,0,,,0,55,11,9.5,0,0,0,,,,,JenkCu20
289,Jarvis Jenkins,DL,2016,2018,30,,,,0,,,,0,,,0,16,4,1.0,0,0,0,,,,,JenkJa01
290,Bill Johnson,DT-DE,1999,1999,6,,,,0,,,,0,,,0,11,2,1.0,0,0,0,,,,,JohnBi22
291,Charles Johnson,WR,1999,2000,27,,,,0,,5,18,0,90,1056,8,0,0,0.0,0,0,0,,,,,JohnCh00
292,Damaris Johnson,WR,2012,2012,14,,,,0,,3,12,0,19,256,0,1,0,0.0,0,0,0,,,,,JohnDa04
293,Derrick Johnson,ILB,2013,2017,60,,,,0,,,,0,,,0,312,76,9.5,5,122,1,,,,,JohnDe25
294,Dirk Johnson,P,2003,2006,55,,,,0,,1,0,0,,,0,4,0,0.0,0,0,0,,,,,JohnDi20
295,Dwight Johnson,DE,2000,2000,4,,,,0,,,,0,,,0,,,0.0,0,0,0,,,,,JohnDw20
296,James-Michael Johnson,ILB,2013,2014,32,,,,0,,,,0,,,0,59,9,1.0,0,0,0,,,,,JohnJa04
297,Lee Johnson,P,2002,2002,2,,,,0,,,,0,,,0,,,0.0,0,0,0,,,,,johnslee01
298,Nazeeh Johnson,S,2022,2024,27,,,,0,,,,0,,,0,38,26,1.0,0,0,0,,,,,JohnNa01
299,Nico Johnson,ILB,2013,2013,6,,,,0,,,,0,,,0,5,2,0.0,0,0,0,,,,,JohnNi00
300,Norm Johnson,K,1999,1999,15,,,,0,,,,0,,,0,,,0.0,0,0,0,25,18,25,25,johnsnor01
301,Rishaw Johnson,G,2013,2013,3,,,,0,,,,0,,,0,,,0.0,0,0,0,,,,,JohnRi02
302,Ron Johnson,DE,2003,2003,3,,,,0,,,,0,,,0,,,0.0,0,0,0,,,,,JohnRo21
303,Cam Jones,LB,2023,2024,34,,,,0,,,,0,,,0,26,10,0.0,0,0,0,,,,,JoneCa04
304,Chris Jones,DT,2016,2025,141,,,,0,,,,0,,,0,210,105,81.5,2,17,1,,,,,JoneCh09
305,Dhani Jones,LB,2004,2006,48,,,,0,,,,0,,,0,160,58,1.0,2,0,0,,,,,JoneDh20
306,Dominique Jones,TE,2013,2013,2,,,,0,,,,0,,,0,,,0.0,0,0,0,,,,,JoneDo01
307,Julian Jones,DB,2002,2002,2,,,,0,,,,0,,,0,2,0,0.0,0,0,0,,,,,JoneJu20
308,Nic Jones,CB,2023,2024,10,,,,0,,,,0,,,0,4,0,0.0,0,0,0,,,,,JoneNi00
309,Ronald Jones II,RB,2022,2022,6,,,,0,,17,70,1,1,22,0,0,0,0.0,0,0,0,,,,,JoneRo01
310,Sean Jones,DB,2009,2009,15,,,,0,,,,0,,,0,45,17,1.0,2,37,0,,,,,JoneSe20
311,Akeem Jordan,LB,2007,2013,98,,,,0,,,,0,,,0,274,57,1.0,2,14,0,,,,,JordAk99
312,Winston Justice,T,2007,2011,47,,,,0,,,,0,,,0,0,0,0.0,0,0,0,,,,,JustWi20
313,Mike Kafka,QB,2011,2011,4,11,16,107,0,2,3,0,0,,,0,0,0,0.0,0,0,0,,,,,KafkMi00
314,Joshua Kaindoh,DE,2021,2021,3,,,,0,,,,0,,,0,0,0,0.0,0,0,0,,,,,KainJo00
315,N.D. Kalu,DE,2001,2005,61,,,,0,,,,0,,,0,98,23,18.5,1,15,1,,,,,KaluN.20
316,George Karlaftis III,DE,2022,2025,52,,,,0,,,,0,,,0,79,52,26.5,0,0,0,,,,,KarlGe00
317,Jevon Kearse,DE,2004,2007,45,,,,0,,,,0,,,0,92,13,22.0,0,0,0,,,,,KearJe00
318,Nick Keizer,TE,2020,2020,16,,,,0,,,,0,6,63,0,2,2,0.0,0,0,0,,,,,KeizNi00
319,Jason Kelce,C,2011,2012,18,,,,0,,,,0,,,0,0,0,0.0,0,0,0,,,,,KelcJa00
320,Travis Kelce,TE,2013,2025,178,1,3,4,0,1,9,15,2,1014,12285,78,2,0,0.0,0,0,0,,,,,KelcTr00
321,Dennis Kelly,OT,2012,2012,13,,,,0,,,,0,,,0,0,0,0.0,0,0,0,,,,,KellDe00
322,Marcus Kemp,WR,2017,2022,46,,,,0,,,,0,4,42,0,18,6,0.0,0,0,0,,,,,KempMa00
323,Mychal Kendricks,ILB,2012,2012,15,,,,0,,,,0,,,0,58,17,1.0,0,0,0,,,,,KendMy00
324,Thakarius Keyes,CB,2020,2020,8,,,,0,,,,0,,,0,7,1,0.0,0,0,0,,,,,KeyeTh00
325,Daniel Kilgore,G,2020,2020,7,,,,0,,,,0,,,0,0,0,0.0,0,0,0,,,,,KilgDa00
326,David King,DE,2015,2016,3,,,,0,,,,0,,,0,0,0,0.0,0,0,0,,,,,KingDa00
327,Darian Kinnard,T,2022,2022,1,,,,0,,,,0,,,0,0,0,0.0,0,0,0,,,,,KinnDa00
328,Levon Kirkland,LB,2002,2002,16,,,,0,,,,0,,,0,55,21,0.0,0,0,0,,,,,KirkLe00
329,Dan Klecko,DT,2008,2008,16,,,,0,,,,0,6,36,0,3,0,2.0,0,0,0,,,,,KlecDa20
330,Kevin Knowles,CB,2025,2025,2,,,,0,,,,0,,,0,3,1,0.0,0,0,0,,,,,KnowKe00
331,Kevin Kolb,QB,2007,2010,19,194,319,2082,11,14,36,64,1,,,0,0,0,0.0,0,0,0,,,,,KolbKe00
332,Tanoh Kpassagnon,DE,2017,2020,61,,,,0,,,,0,,,0,52,23,7.0,0,0,0,,,,,KpasTa00
333,Eric Kush,C,2013,2013,3,,,,0,,,,0,,,0,,,0.0,0,0,0,,,,,KushEr00
334,Mike Labinjo,LB,2004,2005,8,,,,0,,,,0,,,0,18,0,0.0,0,0,0,,,,,LabiMi20
335,Chris Lammons,DB,2020,2022,30,,,,0,,,,0,,,0,6,7,0.0,0,0,0,,,,,LammCh00
336,Sean Landeta,P,1999,2005,65,,,,0,,1,0,0,,,0,1,1,0.0,0,0,0,,,,,LandSe20
337,Derek Landri,DT,2011,2012,28,,,,0,,,,0,,,0,30,9,2.0,0,0,0,,,,,LandDe99
338,Trevor Laws,DT,2008,2011,56,,,,0,,,,0,,,0,45,12,5.0,1,13,0,,,,,LawsTr99
339,Gerard Lawson,DB,2010,2010,1,,,,0,,,,0,,,0,0,0,0.0,0,0,0,,,,,LawsGe20
340,Amp Lee,RB,2000,2000,3,,,,0,,1,2,0,1,20,0,2,0,0.0,0,0,0,,,,,LeexAm00
341,Darron Lee,OLB,2019,2019,16,,,,0,,,,0,,,0,22,9,0.0,0,0,0,,,,,LeexDa00
342,Elijah Lee,OLB,2022,2022,5,,,,0,,,,0,,,0,3,3,0.0,0,0,0,,,,,LeexEl00
343,Ron Leshinski,TE,1999,1999,1,,,,0,,,,0,,,0,,,0.0,0,0,0,,,,,LeshRo20
344,Dorsey Levens,RB,2002,2004,31,0,2,0,0,0,169,821,5,28,216,1,0,0,0.0,0,0,0,,,,,LeveDo00
345,Chad Lewis,TE,1999,2005,92,,,,0,,,,0,216,2255,19,0,0,0.0,0,0,0,,,,,LewiCh00
346,Dion Lewis,RB,2011,2012,24,,,,0,,36,171,2,3,21,0,1,0,0.0,0,0,0,,,,,LewiDi00
347,Greg Lewis,WR,2003,2008,90,0,1,0,0,0,6,29,0,127,1699,7,18,4,0.0,0,0,0,,,,,LewiGr01
348,Kendrick Lewis,DB,2013,2013,16,,,,0,,,,0,,,0,46,10,0.0,1,1,0,,,,,LewiKe00
349,Michael Lewis,DB,2002,2006,76,,,,0,,,,0,,,0,325,69,6.0,9,149,1,,,,,LewiMi99
350,Trevard Lindley,DB,2010,2010,11,,,,0,,,,0,,,0,22,1,0.0,1,8,0,,,,,LindTr99
351,Jeff Linkenbach,T,2014,2014,16,,,,0,,,,0,,,0,,,0.0,0,0,0,,,,,LinkJe20
352,Bennie Logan,DT,2017,2017,15,,,,0,,,,0,,,0,35,17,1.5,0,0,0,,,,,LogaBe00
353,Kyle Love,DT,2013,2013,1,,,,0,,,,0,,,0,,,0.0,0,0,0,,,,,LoveKy00
354,Jordan Lucas,SS,2018,2019,30,,,,0,,,,0,,,0,25,14,1.0,1,49,0,,,,,LucaJo00
355,Blake Lynch,LB,2024,2024,1,,,,0,,,,0,,,0,3,3,0.0,0,0,0,,,,,LyncBl00
356,Jeremy Maclin,WR,2009,2016,86,0,1,0,0,0,10,43,0,389,5077,36,0,0,0.0,0,0,0,,,,,MaclJe00
357,Reno Mahe,RB,2003,2007,55,,,,0,,47,196,0,33,230,0,11,9,0.0,0,0,0,,,,,MaheRe00
358,Patrick Mahomes,QB,2017,2025,115,2840,4276,33021,248,75,450,2368,16,2,8,0,2,1,0.0,0,0,0,,,,,MahoPa00
359,Mike Mamula,DE-LB,1999,2000,31,,,,0,,,,0,,,0,46,17,14.0,1,41,1,,,,,MamuMi20
360,Justin March,LB,2016,2016,5,,,,0,,,,0,,,0,15,7,0.0,0,0,0,,,,,MarcJu00
361,Curtis Marsh,DB,2011,2012,22,,,,0,,,,0,,,0,13,1,0.0,0,0,0,,,,,MarsCu01
362,Keyonta Marshall,DT,2005,2005,1,,,,0,,,,0,,,0,0,1,0.0,0,0,0,,,,,MarsKe20
363,Cecil Martin,FB,1999,2002,60,,,,0,,26,103,0,81,491,2,2,1,0.0,0,0,0,,,,,MartCe00
364,Josh Martin,OLB,2013,2014,19,,,,0,,,,0,,,0,22,5,0.5,0,0,0,,,,,MartJo02
365,Steve Martin,DT-NT,1999,1999,16,,,,0,,,,0,,,0,26,17,2.0,0,0,0,,,,,MartSt21
366,Tyrann Mathieu,CB,2019,2021,47,,,,0,,,,0,,,0,171,42,3.0,13,196,2,,,,,MathTy00
367,Evan Mathis,G,2011,2012,31,,,,0,,,,0,,,0,0,0,0.0,0,0,0,,,,,MathEv20
368,Casey Matthews,LB,2011,2012,32,,,,0,,,,0,,,0,40,9,1.0,0,0,0,,,,,MattCa00
369,Josh Mauga,LB,2014,2015,30,,,,0,,,,0,,,0,128,33,1.5,2,70,0,,,,,MaugJo00
370,Jermane Mayberry,G-T,1999,2004,78,,,,0,,,,0,,,0,0,0,0.0,0,0,0,,,,,MaybJe00
371,Joe Mays,LB,2008,2014,21,,,,0,,,,0,,,0,33,5,0.0,0,0,0,,,,,MaysJo99
372,Mat McBriar,P,2012,2012,13,,,,0,,,,0,,,0,0,0,0.0,0,0,0,,,,,McBrMa20
373,Darnerien McCants,WR,2005,2005,12,,,,0,,,,0,5,87,0,4,0,0.0,0,0,0,,,,,McCaDa00
374,Terrell McClain,DL,2019,2019,2,,,,0,,,,0,,,0,1,2,0.0,0,0,0,,,,,McClTe00
375,Dexter McCluster,WR,2013,2013,15,,,,0,,8,5,0,53,511,2,0,0,0.0,0,0,0,,,,,McClDe00
376,Eric McCoo,RB,2004,2004,1,,,,0,,9,54,0,2,15,0,,,0.0,0,0,0,,,,,McCoEr00
377,LeSean McCoy,RB,2009,2019,71,,,,0,,936,4331,34,248,1769,9,0,0,0.0,0,0,0,,,,,McCoLe01
378,Matt McCoy,OLB,2005,2007,26,,,,0,,,,0,,,0,64,15,2.0,0,0,0,,,,,McCoMa20
379,Bobby McCray,DE,2010,2010,1,,,,0,,,,0,,,0,,,0.0,0,0,0,,,,,McCrBo20
380,Kelcie McCray,S,2014,2014,16,,,,0,,,,0,,,0,9,2,0.0,0,0,0,,,,,McCrKe00
381,Cooper McDonald,LB,2025,2025,3,,,,0,,,,0,,,0,0,2,0.0,0,0,0,,,,,McDoCo01
382,Bradley McDougald,FS,2013,2013,1,,,,0,,,,0,,,0,,,0.0,0,0,0,,,,,McDoBr01
383,Jerome McDougle,DE,2003,2006,33,,,,0,,,,0,,,0,30,6,3.0,0,0,0,,,,,McDoJe20
384,Trent McDuffie,DB,2022,2025,46,,,,0,,,,0,,,0,143,52,4.5,2,0,0,,,,,McDuTr00
385,Mike McGlynn,G,2008,2014,33,,,,0,,,,0,1,1,0,0,0,0.0,0,0,0,,,,,McGlMi20
386,Sean McGrath,TE,2013,2013,16,,,,0,,,,0,26,302,2,0,0,0.0,0,0,0,,,,,McGrSe00
387,Jerick McKinnon,RB,2021,2023,42,1,1,4,1,0,105,413,2,94,811,14,5,0,0.0,0,0,0,,,,,McKiJe00
388,Joe McKnight,RB,2014,2014,2,,,,0,,1,3,0,6,64,2,1,0,0.0,0,0,0,,,,,McKnJo00
389,Mike McMahon,QB,2005,2005,9,94,207,1158,5,8,34,118,3,,,0,0,0,0.0,0,0,0,,,,,McMaMi00
390,Billy McMullen,WR,2003,2005,29,,,,0,,,,0,22,294,1,3,1,0.0,0,0,0,,,,,McMuBi00
391,Donovan McNabb,QB,1999,2009,148,2801,4746,32873,216,100,573,3249,28,5,-7,0,0,0,0.0,0,0,0,,,,,McNaDo00
392,Marvin McNutt,WR,2012,2012,4,,,,0,,,,0,0,0,0,2,0,0.0,0,0,0,,,,,McNuMa00
393,Leon McQuay,S,2017,2017,1,,,,0,,,,0,,,0,3,1,0.0,0,0,0,,,,,McQuLe01
394,Quintin Mikell,DB,2003,2010,123,,,,0,,,,0,,,0,351,97,4.0,10,89,0,,,,,MikeQu20
395,Bubba Miller,C,1999,2000,30,,,,0,,,,0,1,9,0,0,0,0.0,0,0,0,,,,,MillBu20
396,Roy Miller,DT,2017,2017,7,,,,0,,,,0,,,0,2,4,0.0,0,0,0,,,,,MillRo99
397,Garrett Mills,FB,2010,2010,7,,,,0,,,,0,2,19,0,1,0,0.0,0,0,0,,,,,MillGa01
398,Brian Mitchell,RB,2000,2002,48,2,5,78,1,0,32,196,2,19,211,1,12,3,0.0,0,0,0,,,,,MitcBr00
399,Freddie Mitchell,WR,2001,2004,63,1,3,25,1,0,2,-4,0,90,1263,5,4,0,0.0,0,0,0,,,,,MitcFr00
400,Terrance Mitchell,CB,2016,2017,22,,,,0,,,,0,,,0,65,7,0.0,4,40,0,,,,,MitcTe00
401,Ryan Moats,RB,2005,2006,15,,,,0,,77,347,3,4,7,0,7,2,0.0,0,0,0,,,,,MoatRy00
402,Damon Moore,DB,1999,2001,48,,,,0,,,,0,,,0,152,40,1.0,5,54,0,,,,,MoorDa20
403,Evan Moore,WR,2012,2012,1,,,,0,,,,0,0,0,0,0,0,0.0,0,0,0,,,,,MoorEv00
404,Jaylon Moore,T,2025,2025,3,,,,0,,,,0,,,0,0,0,0.0,0,0,0,,,,,MoorJa04
405,Matt Moore,QB,2019,2019,6,59,91,659,4,0,5,-1,0,,,0,0,0,0.0,0,0,0,,,,,MoorMa01
406,Skyy Moore,WR,2022,2024,36,,,,0,,6,47,0,43,494,1,1,1,0.0,0,0,0,,,,,MoorSk01
407,Zeke Moreno,LB,2005,2005,4,,,,0,,,,0,,,0,2,3,0.0,0,0,0,,,,,MoreZe20
408,Sean Morey,WR,2001,2003,16,,,,0,,,,0,,,0,5,2,0.0,0,0,0,,,,,MoreSe00
409,Wanya Morris,OL,2023,2025,34,,,,0,,,,0,1,1,1,0,0,0.0,0,0,0,,,,,MorrWa01
410,Mitch Morse,C,2015,2018,49,,,,0,,,,0,,,0,0,0,0.0,0,0,0,,,,,MorsMi00
411,Dezman Moses,LB,2013,2016,29,,,,0,,,,0,,,0,9,4,0.0,0,0,0,,,,,MoseDe00
412,Adrian Moten,LB,2012,2012,1,,,,,,,,,,,,,,,,,,,,,,MoteAd00
413,Daniel Munyer,OL,2015,2015,1,,,,0,,,,0,,,0,0,0,0.0,0,0,0,,,,,MunyDa00
414,Nick Murphy,P,2005,2005,1,,,,0,,,,0,,,0,1,0,0.0,0,0,0,,,,,MurpNi20
415,Eric Murray,CB,2016,2018,45,,,,0,,,,0,,,0,83,17,1.0,1,0,0,,,,,MurrEr00
416,Jimmy Murray,OL,2018,2018,2,,,,0,,,,0,,,0,0,0,0.0,0,0,0,,,,,MurrJi00
417,Steven Nelson,CB,2015,2018,52,,,,0,,,,0,,,0,158,24,0.0,4,53,0,,,,,NelsSt01
418,Tom Nelson,DB,2011,2011,4,,,,0,,,,0,,,0,2,0,0.0,0,0,0,,,,,NelsTo00
419,Lucas Niang,OL,2021,2023,33,,,,0,,,,0,,,0,2,0,0.0,0,0,0,,,,,NianLu00
420,Dadi Nicolas,DE,2016,2016,11,,,,0,,,,0,,,0,0,0,0.0,0,0,0,,,,,NicoDa00
421,Ben Niemann,LB,2018,2021,62,,,,0,,,,0,,,0,110,57,2.0,0,0,0,,,,,NiemBe00
422,Derrick Nnadi,DT,2018,2025,118,,,,0,,,,0,,,0,111,127,5.0,1,0,0,,,,,NnadDe00
423,Omarr Norman-Lott,DT,2025,2025,2,,,,0,,,,0,,,0,4,1,1.0,0,0,0,,,,,NormOm00
424,Jordan Norwood,WR,2009,2009,1,,,,0,,,,0,,,0,,,0.0,0,0,0,,,,,NorwJo00
425,Hunter Nourzad,OL,2024,2024,17,,,,0,,,,0,,,0,0,0,0.0,0,0,0,,,,,NourHu00
426,Rakeem Nunez-Roches,DT,2015,2017,34,,,,0,,,,0,,,0,31,20,1.5,0,0,0,,,,,NuneRa00
427,Dorian O'Daniel,OLB,2018,2021,58,,,,0,,,,0,,,0,37,21,1.0,0,0,0,,,,,ODanDo00
428,James O'Shaughnessy,TE,2015,2016,23,,,,0,,,,0,8,86,0,6,2,0.0,0,0,0,,,,,O'ShJa00
429,Emmanuel Ogbah,DE,2019,2019,10,,,,0,,,,0,,,0,23,9,5.5,0,0,0,,,,,OgbaEm00
430,Alex Okafor,DE,2019,2021,38,,,,0,,,,0,,,0,31,30,9.5,0,0,0,,,,,OkafAl00
431,Chris Oladokun,QB,2024,2024,1,0,0,0,0,0,1,5,0,,,0,0,0,0.0,0,0,0,,,,,OladCh00
432,Patrick Omameh,G,2020,2020,1,,,,0,,,,0,,,0,0,0,0.0,0,0,0,,,,,OmamPa00
433,Charles Omenihu,DL,2023,2025,20,,,,0,,,,0,,,0,26,15,8.0,0,0,0,,,,,OmenCh00
434,Nate Orchard,OLB,2018,2018,1,,,,0,,,,0,,,0,0,0,0.0,0,0,0,,,,,OrchNa00
435,Kelechi Osemele,T,2020,2020,5,,,,0,,,,0,,,0,0,0,0.0,0,0,0,,,,,OsemKe00
436,Chris Owens,DB,2014,2014,11,,,,0,,,,0,,,0,27,6,0.5,0,0,0,,,,,OwenCh99
437,Jeff Owens,DT,2010,2010,1,,,,0,,,,0,,,0,,,0.0,0,0,0,,,,,OwenJe20
438,Terrell Owens,WR,2004,2005,21,,,,0,,4,-3,0,124,1963,20,0,0,0.0,0,0,0,,,,,OwenTe00
439,Isiah Pacheco,RB,2022,2025,41,,,,0,,483,2167,13,73,466,2,2,1,0.0,0,0,0,,,,,PachIs00
440,Jarrad Page,DB,2011,2011,6,,,,0,,,,0,,,0,28,9,0.0,0,0,0,,,,,PageJa20
441,Lonnie Palelei,G-T,1999,1999,16,,,,0,,,,0,,,0,1,0,0.0,0,0,0,,,,,PaleLo20
442,Brian Parker,TE,2015,2015,9,,,,0,,,,0,1,6,0,0,0,0.0,0,0,0,,,,,ParkBr00
443,Juqua Parker,DE,2005,2011,105,,,,0,,,,0,,,0,158,42,31.5,1,55,1,,,,,ThomJu20
444,Ron Parker,CB,2013,2018,94,,,,0,,,,0,,,0,342,52,8.0,11,78,1,,,,,ParkRo01
445,Josh Parry,RB,2004,2005,29,,,,0,,,,0,22,164,0,1,0,0.0,0,0,0,,,,,ParrJo00
446,Marcus Paschal,DB,2007,2007,3,,,,0,,,,0,,,0,0,1,0.0,0,0,0,,,,,PascMa99
447,Dimitri Patterson,DB,2009,2010,27,,,,0,,,,0,,,0,65,4,1.0,4,40,1,,,,,PattDi20
448,Mike Patterson,DT,2005,2012,115,,,,0,,,,0,,,0,254,84,16.5,1,21,0,,,,,PattMi20
449,Doug Pederson,QB,1999,1999,16,119,227,1276,7,9,20,33,0,,,0,,,0.0,0,0,0,,,,,PedeDo00
450,Mike Pennel,DT,2019,2024,42,,,,0,,,,0,,,0,38,44,4.0,0,0,0,,,,,PennMi00
451,La'Mical Perine,RB,2023,2023,3,,,,0,,22,77,0,3,33,0,0,0,0.0,0,0,0,,,,,PeriLa00
452,Samaje Perine,RB,2024,2024,17,,,,0,,20,92,1,28,322,1,1,2,0.0,0,0,0,,,,,PeriSa00
453,Bruce Perry,RB,2005,2006,5,,,,0,,16,74,0,0,0,0,1,0,0.0,0,0,0,,,,,PerrBr01
454,Jason Peters,T,2009,2011,42,,,,0,,,,0,,,0,0,0,0.0,0,0,0,,,,,PeteJa21
455,Marcus Peters,CB,2015,2017,45,,,,0,,,,0,,,0,130,21,0.0,19,480,2,,,,,PeteMa00
456,Will Peterson,DB,2006,2007,17,,,,0,,,,0,,,0,,,0.0,1,0,0,,,,,PeteWi20
457,Kevin Pierre-Louis,OLB,2017,2017,14,,,,0,,,,0,,,0,31,10,0.0,0,0,0,,,,,PierKe00
458,Todd Pinkston,WR,2000,2004,78,,,,0,,3,-21,0,184,2816,14,0,0,0.0,0,0,0,,,,,PinkTo00
459,Dontari Poe,DT,2013,2016,62,1,1,2,1,0,2,2,2,,,0,127,35,13.0,0,0,0,,,,,PoexDo00
460,Chris Polk,RB,2012,2012,7,,,,0,,,,0,,,0,1,0,0.0,0,0,0,,,,,PolkCh00
461,Geoffrey Pope,DB,2009,2009,1,,,,0,,,,0,,,0,1,1,0.0,0,0,0,,,,,PopeGe20
462,Jerrell Powe,DL,2013,2013,2,,,,0,,,,0,,,0,1,1,1.0,0,0,0,,,,,PoweJe00
463,Cornell Powell,WR,2022,2022,3,,,,0,,,,0,,,0,0,0,0.0,0,0,0,,,,,PoweCo00
464,Deneric Prince,RB,2023,2023,2,,,,0,,,,0,,,0,0,0,0.0,0,0,0,,,,,PrinDe00
465,Byron Pringle,WR,2019,2021,46,,,,0,,,,0,67,898,7,7,3,0.0,0,0,0,,,,,PrinBy00
466,Stanley Pritchett,FB,2000,2000,16,,,,0,,58,225,1,25,193,0,3,0,0.0,0,0,0,,,,,PritSt00
467,Jarrod Pughsley,G,2015,2015,2,,,,0,,,,0,,,0,0,0,0.0,0,0,0,,,,,PughJa00
468,Jim Pyne,G-C,2001,2001,5,,,,0,,,,0,,,0,,,0.0,0,0,0,,,,,PyneJi20
469,Reggie Ragland,ILB,2017,2019,42,,,,0,,,,0,,,0,100,60,2.5,1,67,0,,,,,RaglRe00
470,LaJuan Ramsey,DT,2006,2007,15,,,,0,,,,0,,,0,6,0,0.0,1,-12,0,,,,,RamsLa20
471,Martinas Rankin,OT,2019,2020,7,,,,0,,,,0,,,0,0,0,0.0,0,0,0,,,,,RankMa00
472,Ryan Rau,LB,2012,2012,4,,,,0,,,,0,,,0,2,1,0.0,0,0,0,,,,,RauxRy00
473,Sam Rayburn,DT,2003,2006,53,,,,0,,,,0,,,0,74,12,9.0,0,0,0,,,,,RaybSa20
474,Jamie Reader,FB,2001,2001,16,,,,0,,,,0,2,14,0,8,0,0.0,0,0,0,,,,,ReadJa00
475,Montae Reagor,DT,2007,2007,7,,,,0,,,,0,,,0,2,0,1.0,0,0,0,,,,,ReagMo20
476,Keith Reaser,CB,2017,2017,1,,,,0,,,,0,,,0,4,0,1.0,0,0,0,,,,,ReasKe00
477,J.R. Reed,DB,2004,2008,34,,,,0,,,,0,,,0,60,8,0.0,0,0,0,,,,,ReedJ.20
478,Jarran Reed,DT,2021,2021,17,,,,0,,,,0,,,0,23,20,2.5,0,0,0,,,,,ReedJa02
479,Ike Reese,OLB,1999,2004,96,,,,0,,,,0,,,0,185,34,6.5,2,22,0,,,,,ReesIk99
480,Jah Reid,OT,2015,2016,22,,,,0,,,,0,,,0,0,0,0.0,0,0,0,,,,,ReidJa00
481,Justin Reid,FS,2022,2024,49,,,,0,,,,0,,,0,194,71,4.0,3,19,0,,,2,1,ReidJu00
482,Austin Reiter,C,2018,2020,42,,,,0,,,,0,,,0,0,0,0.0,0,0,0,,,,,ReitAu00
483,Nikko Remigio,WR,2024,2025,8,,,,0,,1,11,0,3,69,0,0,0,0.0,0,0,0,,,,,RemiNi00
484,Mike Remmers,T,2020,2021,17,,,,0,,,,0,1,-2,0,0,0,0.0,0,0,0,,,,,RemmMi00
485,Darrelle Revis,DB,2017,2017,5,,,,0,,,,0,,,0,10,1,0.0,0,0,0,,,,,ReviDa99
486,Kendall Reyes,DT,2016,2016,10,,,,0,,,,0,,,0,12,3,1.0,0,0,0,,,,,ReyeKe00
487,Dallas Reynolds,G,2012,2012,16,,,,0,,,,0,,,0,0,0,0.0,0,0,0,,,,,ReynDa01
488,Rashee Rice,WR,2023,2024,20,,,,0,,2,-2,0,103,1226,9,0,0,0.0,0,0,0,,,,,RiceRa01
489,Jon Ritchie,FB,2003,2004,19,,,,0,,1,1,0,21,122,3,2,0,0.0,0,0,0,,,,,RitcJo00
490,Demarcus Robinson,WR,2016,2021,97,,,,0,,,,0,145,1679,14,5,0,0.0,0,0,0,,,,,RobiDe01
491,Dunta Robinson,DB,2013,2013,8,,,,0,,,,0,,,0,13,0,0.0,0,0,0,,,,,RobiDu20
492,Ramzee Robinson,DB,2009,2009,3,,,,0,,,,0,,,0,2,1,0.0,0,0,0,,,,,RobiRa99
493,Saverio Rocca,P,2007,2010,64,,,,0,,,,0,,,0,5,1,0.0,0,0,0,,,,,RoccSa20
494,Dominique Rodgers-Cromartie,DB,2011,2012,29,,,,0,,,,0,,,0,69,10,1.0,3,14,0,,,,,RodgDo99
495,Christian Roland-Wallace,CB,2024,2025,20,,,,0,,,,0,,,0,25,13,0.0,2,23,0,,,,,RolaCh00
496,Brian Rolle,LB,2011,2012,20,,,,0,,,,0,,,0,45,13,1.0,0,0,0,,,,,RollBr00
497,Dedrick Roper,LB,2005,2006,14,,,,0,,,,0,,,0,6,6,0.0,0,0,0,,,,,RopeDe20
498,Justyn Ross,WR,2023,2024,12,,,,0,,,,0,6,53,0,0,0,0.0,0,0,0,,,,,RossJu00
499,Allen Rossum,DB,1999,1999,16,,,,0,,,,0,,,0,22,2,0.0,0,0,0,,,,,RossAl99
500,Christian Rozeboom,LB,2021,2021,1,,,,0,,,,0,,,0,1,0,0.0,0,0,0,,,,,RozeCh00
501,Jon Runyan,T,2000,2008,144,,,,0,,,,0,,,0,0,0,0.0,0,0,0,,,,,RunyJo20
502,DeMeco Ryans,LB,2012,2012,16,,,,0,,,,0,,,0,86,27,1.0,1,0,0,,,,,RyanDe20
503,Asante Samuel,DB,2008,2011,56,,,,0,,,,0,,,0,123,13,0.0,23,304,2,,,,,SamuAs20
504,Cairo Santos,K,2014,2017,51,1,1,3,0,0,,,0,,,0,4,0,0.0,0,0,0,105,89,130,125,SantCa01
505,Khalen Saunders,DT,2019,2022,38,,,,0,,,,0,,,0,40,41,4.5,0,0,0,,,,,SaunKh00
506,Orlando Scandrick,DB,2018,2018,15,,,,0,,,,0,,,0,38,6,0.0,1,0,0,,,,,ScanOr99
507,Ryan Schau,T-G,1999,2001,13,,,,0,,,,0,,,0,,,0.0,0,0,0,,,,,SchaRy20
508,Owen Schmitt,RB,2010,2011,31,,,,0,,4,6,0,22,168,1,3,1,0.0,0,0,0,,,,,SchmOw00
509,Matt Schobel,TE,2006,2008,36,,,,0,,,,0,27,332,3,0,0,0.0,0,0,0,,,,,SchoMa00
510,Geoff Schwartz,T,2013,2013,16,,,,0,,,,0,,,0,0,0,0.0,0,0,0,,,,,SchwGe20
511,Mitchell Schwartz,T,2016,2020,70,,,,0,,,,0,,,0,0,0,0.0,0,0,0,,,,,SchwMi00
512,Steve Sciullo,G,2004,2004,15,,,,0,,,,0,,,0,,,0.0,0,0,0,,,,,SciuSt20
513,Gari Scott,WR,2001,2001,3,,,,0,,,,0,2,26,0,,,0.0,0,0,0,,,,,ScotGa00
514,Jake Scott,G-T,2012,2012,7,,,,0,,,,0,,,0,0,0,0.0,0,0,0,,,,,ScotJa21
515,Ricky Seals-Jones,WR,2020,2020,2,,,,0,,,,0,0,0,0,0,0,0.0,0,0,0,,,,,SealRi00
516,Josh Shaw,CB,2018,2018,4,,,,0,,,,0,,,0,3,1,0.0,0,0,0,,,,,ShawJo00
517,Danny Shelton,DT,2022,2022,1,,,,0,,,,0,,,0,0,0,0.0,0,0,0,,,,,ShelDa01
518,Lito Sheppard,DB,2002,2008,93,,,,0,,,,0,,,0,226,32,2.0,18,460,3,,,,,ShepLi99
519,Anthony Sherman,RB,2013,2020,125,,,,0,,27,70,1,53,441,4,47,7,0.0,0,0,0,,,,,SherAn00
520,Jason Short,LB,2004,2006,29,,,,0,,,,0,,,0,12,2,0.0,0,0,0,,,,,ShorJa20
521,Spencer Shrader,K,2024,2024,2,,,,0,,,,0,,,0,0,0,0.0,0,0,0,3,3,6,6,ShraSp00
522,Josh Simmons,OL,2025,2025,3,,,,0,,,,0,,,0,0,0,0.0,0,0,0,,,,,SimmJo01
523,Corey Simon,DT,2000,2004,78,,,,0,,,,0,0,0,0,168,47,32.0,0,0,0,,,,,SimoCo00
524,Mark Simoneau,LB,2003,2005,46,,,,0,,,,0,,,0,143,46,3.5,0,0,0,,,2,1,SimoMa20
525,David Sims,S,2012,2012,15,,,,0,,,,0,,,0,11,4,0.0,0,0,0,,,,,SimsDa01
526,Ernie Sims,LB,2010,2010,15,,,,0,,,,0,,,0,48,7,2.0,0,0,0,,,,,SimsEr20
527,Michael Sinclair,DE,2002,2002,4,,,,0,,,,0,,,0,0,1,0.0,0,0,0,,,,,SincMi00
528,Jeremy Slechta,DT,2002,2002,13,,,,0,,,,0,,,0,6,4,0.0,0,0,0,,,,,SlecJe20
529,Torrance Small,WR,1999,2000,29,0,3,0,0,1,1,1,0,89,1224,7,,,0.0,0,0,0,,,,,SmalTo00
530,Rod Smart,RB,2001,2001,6,,,,0,,2,6,0,,,0,1,0,0.0,0,0,0,,,,,SmarRo00
531,Alex Smith,TE,2009,2009,16,,,,0,,,,0,3,25,0,0,0,0.0,0,0,0,,,,,SmitAl02
532,Alex Smith,QB,2013,2017,76,1587,2436,17608,102,33,317,1672,10,2,-1,0,0,0,0.0,0,0,0,,,,,SmitAl03
533,Brashard Smith,RB,2025,2025,3,,,,0,,3,15,0,0,0,0,0,0,0.0,0,0,0,,,,,SmitBr09
534,Donovan Smith,OT,2023,2023,12,,,,0,,,,0,1,0,0,0,0,0.0,0,0,0,,,,,SmitDo02
535,Ed Smith,TE,1999,1999,7,,,,0,,,,0,0,0,0,1,0,0.0,0,0,0,,,,,SmitEd00
536,Emmanuel Smith,LB,2020,2020,1,,,,0,,,,0,,,0,0,0,0.0,0,0,0,,,,,SmitEm01
537,L.J. Smith,TE,2003,2008,86,,,,0,,,,0,231,2525,18,9,2,0.0,0,0,0,,,,,SmitL.00
538,Sean Smith,DB,2013,2015,45,,,,0,,,,0,,,0,130,12,0.0,5,135,1,,,,,SmitSe99
539,Steve Smith,WR,2011,2011,9,,,,0,,,,0,11,124,1,0,0,0.0,0,0,0,,,,,SmitSt02
540,Terrance Smith,LB,2016,2018,31,,,,0,,,,0,,,0,25,11,1.0,1,7,0,,,,,SmitTe04
541,Tremon Smith,DB,2018,2019,15,,,,0,,,,0,,,0,4,1,0.0,0,0,0,,,,,SmitTr04
542,Trey Smith,G,2021,2025,70,,,,0,,,,0,,,0,1,0,0.0,0,0,0,,,,,SmitTr05
543,Troy Smith,WR,1999,1999,1,,,,0,,,,0,1,14,0,,,0.0,0,0,0,,,,,SmitTr00
544,Ihmir Smith-Marsette,WR,2022,2022,2,,,,0,,,,0,,,0,0,0,0.0,0,0,0,,,,,SmitIh00
545,JuJu Smith-Schuster,WR,2022,2025,33,,,,0,,,,0,106,1279,5,2,2,0.0,0,0,0,,,,,SmitJu00
546,L'Jarius Sneed,S,2020,2023,57,,,,0,,,,0,,,0,223,80,6.5,10,105,0,,,,,SneeLJ00
547,Daniel Sorensen,S,2014,2021,111,,,,0,,,,0,,,0,314,93,4.5,12,253,4,,,,,SoreDa01
548,Stephen Spach,TE,2005,2005,13,,,,0,,,,0,7,42,0,1,0,0.0,0,0,0,,,,,SpacSt00
549,Breeland Speaks,DE,2018,2018,16,,,,0,,,,0,,,0,15,9,1.5,0,0,0,,,,,SpeaBr00
550,Takeo Spikes,LB,2007,2007,14,,,,0,,,,0,,,0,63,22,1.0,0,0,0,,,,,SpikTa00
551,C.J. Spiller,RB,2017,2017,1,,,,0,,2,0,0,0,0,0,0,0,0.0,0,0,0,,,,,SpilC.00
552,Duce Staley,RB,1999,2003,66,0,0,0,0,0,935,3713,17,216,2044,9,0,0,0.0,0,0,0,,,,,StalDu00
553,Donte' Stallworth,WR,2006,2006,12,,,,0,,,,0,38,725,5,0,0,0.0,0,0,0,,,,,StalDo00
554,Taylor Stallworth,DT,2022,2022,6,,,,0,,,,0,,,0,1,3,0.0,0,0,0,,,,,StalTa00
555,Carson Steele,RB,2024,2024,17,,,,0,,56,183,0,7,26,0,0,1,0.0,0,0,0,,,,,SteeCa00
556,Donald Stephenson,T,2013,2015,44,,,,0,,,,0,,,0,0,0,0.0,0,0,0,,,,,StepDo00
557,Tony Stewart,TE,2001,2001,3,,,,0,,,,0,5,52,1,,,0.0,0,0,0,,,,,StewTo00
558,Donald Strickland,DB,2005,2005,3,,,,0,,,,0,,,0,11,2,0.0,0,0,0,,,,,StriDo20
559,Kingsley Suamataia,OL,2024,2025,18,,,,0,,,,0,,,0,0,0,0.0,0,0,0,,,,,SuamKi00
560,Ryan Succop,K,2013,2013,16,,,,0,,,,0,,,0,1,0,0.0,0,0,0,28,22,52,52,SuccRy44
561,Terrell Suggs,LB-DE,2019,2019,2,,,,0,,,,0,,,0,1,2,1.0,0,0,0,,,,,SuggTe99
562,Phillip Supernaw,TE,2014,2014,2,,,,0,,,,0,1,3,0,0,0,0.0,0,0,0,,,,,SupePh00
563,Justin Swift,TE,1999,1999,1,,,,0,,,,0,,,0,,,0.0,0,0,0,,,,,SwifJu00
564,Thomas Tapeh,FB,2004,2007,39,,,,0,,22,69,0,26,150,1,6,2,0.0,0,0,0,,,,,TapeTh00
565,Darryl Tapp,DE,2010,2012,39,,,,0,,,,0,,,0,58,13,6.0,0,0,0,,,,,TappDa20
566,Bobby Taylor,DB,1999,2003,70,,,,0,,,,0,,,0,180,28,1.0,14,173,2,,,,,TaylBo00
567,Jawaan Taylor,RT,2023,2025,36,,,,0,,,,0,,,0,0,0,0.0,0,0,0,,,,,TaylJa02
568,Keith Taylor,CB,2024,2024,11,,,,0,,,,0,,,0,3,2,0.0,0,0,0,,,,,TaylKe03
569,Daniel Te'o-Nesheim,DE,2010,2010,6,,,,0,,,,0,,,0,2,0,1.0,0,0,0,,,,,Teo-Da99
570,Matt Tennant,C,2012,2012,8,,,,0,,,,0,0,0,0,0,0,0.0,0,0,0,,,,,TennMa20
571,Steven Terrell,DB,2017,2017,10,,,,0,,,,0,,,0,3,1,0.0,1,8,0,,,,,TerrSt00
572,Cam Thomas,DT,2017,2017,1,,,,0,,,,0,,,0,1,0,0.0,0,0,0,,,,,ThomCa99
573,Cameron Thomas,DE,2024,2024,4,,,,0,,,,0,,,0,0,0,0.0,0,0,0,,,,,ThomCa03
574,De'Anthony Thomas,RB,2014,2019,61,,,,0,,30,190,2,65,509,4,7,2,0.0,0,0,0,,,,,ThomDe05
575,Hollis Thomas,DT,1999,2005,82,,,,0,,,,0,,,0,187,52,5.0,0,0,0,,,,,ThomHo20
576,Tra Thomas,T,1999,2008,150,,,,0,,,,0,,,0,0,0,0.0,0,0,0,,,,,ThomTr00
577,William Thomas,LB,1999,1999,14,,,,0,,,,0,,,0,59,22,2.5,0,0,0,,,,,ThomWi00
578,Jeff Thomason,TE,2000,2004,46,,,,0,,,,0,25,207,7,26,5,0.0,0,0,0,,,,,ThomJe00
579,BJ Thompson,DE,2023,2023,1,,,,0,,,,0,,,0,2,0,0.0,0,0,0,,,,,ThomBJ00
580,Darwin Thompson,RB,2019,2020,26,,,,0,,64,225,2,16,108,1,3,0,0.0,0,0,0,,,,,ThomDa06
581,Tedric Thompson,SS,2020,2020,8,,,,0,,,,0,,,0,11,2,0.0,0,0,0,,,,,ThomTe00
582,Juan Thornhill,S,2019,2022,65,,,,0,,,,0,,,0,161,73,1.0,8,79,1,,,,,ThorJu00
583,Cedric Thornton,DT,2012,2012,16,,,,0,,,,0,,,0,19,8,1.0,0,0,0,,,,,ThorCe00
584,Tyquan Thornton,WR,2025,2025,3,,,,0,,,,0,9,171,2,0,0,0.0,0,0,0,,,,,ThorTy00
585,James Thrash,WR,2001,2003,47,,,,0,,29,235,2,164,2026,15,1,0,0.0,0,0,0,,,,,ThraJa00
586,Joe Thuney,OG,2021,2024,66,,,,0,,,,0,,,0,0,0,0.0,0,0,0,,,,,ThunJo00
587,Jerry Tillery,DL,2025,2025,3,,,,0,,,,0,,,0,2,0,0.0,0,0,0,,,,,TillJe00
588,Pago Togafau,LB,2007,2007,7,,,,0,,,,0,,,0,5,0,0.0,0,0,0,,,,,TogaPa99
589,Kadarius Toney,WR,2022,2023,20,0,1,0,0,0,16,90,1,41,340,3,0,0,0.0,0,0,0,,,,,ToneKa00
590,Robert Tonyan,TE,2025,2025,3,,,,0,,,,0,,,0,0,0,0.0,0,0,0,,,,,TonyRo00
591,Anthony Toribio,DT,2013,2013,8,,,,0,,,,0,,,0,3,2,0.0,0,0,0,,,,,ToriAn20
592,Johnny Townsend,P,2021,2021,1,,,,0,,,,0,,,0,0,0,0.0,0,0,0,,,,,TownJo01
593,Tommy Townsend,P,2020,2023,66,3,4,40,0,0,,,0,,,0,0,0,0.0,0,0,0,,,,,TownTo01
594,Drue Tranquill,OLB,2023,2025,35,,,,0,,,,0,,,0,116,73,8.5,0,0,0,,,,,TranDr00
595,Ross Travis,TE,2016,2017,17,,,,0,,,,0,8,58,0,0,0,0.0,0,0,0,,,,,TravRo00
596,Jeremiah Trotter,LB,1999,2009,108,,,,0,,,,0,,,0,562,131,11.0,7,140,2,,,,,TrotJe00
597,Marlon Tuipulotu,DL,2024,2025,3,,,,0,,,,0,,,0,2,2,0.0,0,0,0,,,,,TuipMa00
598,Kevin Turner,FB,1999,1999,8,,,,0,,6,15,0,9,46,0,0,0,0.0,0,0,0,,,,,TurnKe00
599,Joshua Uche,OLB,2024,2024,6,,,,0,,,,0,,,0,7,3,0.0,0,0,0,,,,,UcheJo00
600,Marquez Valdes-Scantling,WR,2022,2023,33,,,,0,,1,-3,0,63,1002,3,2,0,0.0,0,0,0,,,,,ValdMa00
601,Steve Vallos,G,2012,2012,2,,,,,,,,,,,,,,,,,,,,,,VallSt00
602,Alex Van Dyke,WR,1999,2000,6,,,,0,,,,0,1,8,0,3,0,0.0,0,0,0,,,,,VanDAl00
603,Julian Vandervelde,OL,2011,2011,1,,,,0,,,,0,,,0,,,0.0,0,0,0,,,,,VandJu00
604,Michael Vick,QB,2009,2012,47,696,1159,8769,52,30,262,1692,13,,,0,0,0,0.0,0,0,0,,,,,VickMi00
605,Kevin Vickerson,DT,2014,2014,15,,,,0,,,,0,,,0,9,3,0.0,0,0,0,,,,,VickKe99
606,Troy Vincent,DB,1999,2003,73,,,,0,,,,0,,,0,291,60,3.5,20,154,0,,,,,VincTr00
607,Kimo von Oelhoffen,DE-NT-DT,2007,2007,8,,,,0,,,,0,,,0,1,1,0.0,0,0,0,,,,,vonOKi20
608,Darwin Walker,DT,2001,2006,87,,,,0,,,,0,,,0,149,36,27.5,1,6,0,,,,,WalkDa21
609,Vance Walker,DT,2014,2014,16,,,,0,,,,0,,,0,14,5,2.0,0,0,0,,,,,WalkVa99
610,Jamar Wall,DB,2010,2010,1,,,,0,,,,0,,,0,,,0.0,0,0,0,,,,,WallJa99
611,Prince Tega Wanogho,OL,2021,2023,22,,,,0,,,,0,,,0,0,0,0.0,0,0,0,,,,,WanoTe00
612,Charvarius Ward,DB,2018,2021,56,,,,0,,,,0,,,0,168,54,1.0,4,10,0,,,,,WardCh01
613,Tim Ward,DE,2020,2020,1,,,,0,,,,0,,,0,5,0,1.0,0,0,0,,,,,WardTi00
614,Matt Ware,DB,2004,2005,28,,,,0,,,,0,,,0,30,6,0.0,0,0,0,,,,,WareMa20
615,Spencer Ware,RB,2015,2019,41,,,,0,,354,1621,11,64,698,2,2,0,0.0,0,0,0,,,,,WareSp00
616,Chris Warren,RB,2000,2000,1,,,,0,,15,42,0,1,1,0,,,0.0,0,0,0,,,,,WarrCh00
617,DeAndre Washington,RB,2020,2020,1,,,,0,,3,5,0,1,2,0,0,0,0.0,0,0,0,,,,,WashDe00
618,Montrell Washington,WR,2023,2024,7,,,,0,,,,0,,,0,0,0,0.0,0,0,0,,,,,WashMo00
619,Danny Watkins,OL,2011,2012,23,,,,0,,,,0,,,0,0,0,0.0,0,0,0,,,,,WatkDa00
620,Rokevious Watkins,OT,2013,2013,3,,,,0,,,,0,,,0,,,0.0,0,0,0,,,,,WatkRo00
621,Sammy Watkins,WR,2018,2020,34,0,1,0,0,1,8,67,0,129,1613,8,0,0,0.0,0,0,0,,,,,WatkSa00
622,Eddie Watson,RB,1999,1999,6,,,,0,,4,17,0,,,0,,,0.0,0,0,0,,,,,WatsEd00
623,Jaylen Watson,DB,2022,2025,41,,,,0,,,,0,,,0,98,38,2.0,2,111,1,,,,,WatsJa02
624,Justin Watson,WR,2022,2024,50,,,,0,,,,0,64,1064,7,2,0,0.0,0,0,0,,,,,WatsJu01
625,Armani Watts,FS,2018,2021,53,,,,0,,,,0,,,0,42,16,2.0,0,0,0,,,,,WattAr00
626,Nate Wayne,OLB,2003,2004,25,,,,0,,,,0,,,0,92,28,4.0,1,33,0,,,,,WaynNa20
627,Jed Weaver,TE,1999,1999,16,,,,0,,,,0,11,91,0,,,0.0,0,0,0,,,,,WeavJe00
628,Leonard Weaver,RB,2009,2010,17,,,,0,,71,323,2,15,140,2,3,2,0.0,0,0,0,,,,,WeavLe00
629,John Welbourn,G-T,1999,2003,56,,,,0,,,,0,,,0,0,0,0.0,0,0,0,,,,,WelbJo20
630,Reggie Wells,G-T,2010,2010,8,,,,0,,,,0,,,0,,,0.0,0,0,0,,,,,WellRe20
631,Carson Wentz,QB,2024,2024,3,12,19,118,0,0,3,0,0,,,0,0,0,0.0,0,0,0,,,,,WentCa00
632,Charcandrick West,RB,2014,2018,52,,,,0,,268,998,7,77,589,6,6,0,0.0,0,0,0,,,,,WestCh01
633,Brian Westbrook,RB,2002,2009,107,1,2,25,1,0,1308,5995,37,426,3790,29,9,3,0.0,0,0,0,,,,,WestBr00
634,Tershawn Wharton,DE,2020,2024,72,,,,0,,,,0,,,0,56,58,13.5,1,0,0,,,,,WharTe00
635,Mark Wheeler,DT-NT,1999,1999,13,,,,0,,,,0,,,0,7,3,0.0,0,0,0,,,,,WheeMa20
636,D.J. White,CB,2016,2016,11,,,,0,,,,0,,,0,10,1,0.0,1,0,0,,,,,WhitD.00
637,Tracy White,OLB,2008,2009,26,,,,0,,,,0,,,0,33,12,0.0,1,5,0,,,,,WhitTr20
638,Brandon Whiting,DE-DT,1999,2003,72,,,,0,,,,0,,,0,101,59,15.0,1,22,1,,,,,WhitBr21
639,Jared Wiley,TE,2024,2024,7,,,,0,,,,0,1,7,0,0,0,0.0,0,0,0,,,,,WileJa00
640,Ben Williams,DT,1999,1999,3,,,,0,,,,0,,,0,1,1,0.0,0,0,0,,,,,WillBe20
641,Bobbie Williams,G,2001,2003,33,,,,0,,,,0,,,0,,,0.0,0,0,0,,,,,WillBo21
642,Brandon Williams,DT,2022,2022,5,,,,0,,,,0,,,0,1,1,0.5,0,0,0,,,,,WillBr02
643,Damien Williams,RB,2018,2019,27,,,,0,,161,754,9,53,373,4,4,0,0.0,0,0,0,,,,,WillDa05
644,Darrel Williams,RB,2018,2021,51,,,,0,,237,912,10,83,762,4,4,0,0.0,0,0,0,,,,,WillDa10
645,Jason Williams,OLB,2012,2012,2,,,,,,,,,,,,,,,,,,,,,,WillJa95
646,Joshua Williams,CB,2022,2025,53,,,,0,,,,0,,,0,63,29,1.0,1,7,0,,,,,WillJo03
647,Kyle Williams,WR,2013,2013,1,,,,0,,,,0,,,0,,,0.0,0,0,0,,,,,WillKy01
648,Nick Williams,DT,2014,2016,21,,,,0,,,,0,,,0,9,5,0.0,0,0,0,,,,,WillNi01
649,Nohl Williams,CB,2025,2025,3,,,,0,,,,0,,,0,2,3,0.0,0,0,0,,,,,WillNo01
650,Tyrone Williams,DE,1999,2000,7,,,,0,,,,0,,,0,5,0,3.0,0,0,0,,,,,WillTy21
651,Xavier Williams,DT,2018,2019,21,,,,0,,,,0,,,0,32,23,2.5,0,0,0,,,,,WillXa00
652,Albert Wilson,WR,2014,2017,55,,,,0,,10,82,1,124,1544,7,5,1,0.0,0,0,0,,,,,WilsAl02
653,Damien Wilson,ILB,2019,2020,29,,,,0,,,,0,,,0,98,56,1.5,0,0,0,,,,,WilsDa02
654,Ramik Wilson,ILB,2015,2017,29,,,,0,,,,0,,,0,88,24,0.0,1,6,0,,,,,WilsRa00
655,James Winchester,LS,2015,2025,167,,,,0,,,,0,,,0,11,5,0.0,0,0,0,,,,,WincJa00
656,Stefen Wisniewski,LG,2019,2020,15,,,,0,,,,0,,,0,0,0,0.0,0,0,0,,,,,WisnSt01
657,Will Witherspoon,LB,2009,2009,11,,,,0,,,,0,,,0,51,7,1.0,1,9,1,,,,,WithWi20
658,Bryan Witzmann,T,2016,2020,28,,,,0,,,,0,,,0,0,0,0.0,0,0,0,,,,,WitzBr00
659,Xavier Worthy,WR,2024,2025,18,,,,0,,21,104,3,59,638,6,0,0,0.0,0,0,0,,,,,WortXa00
660,Matthew Wright,K,2022,2024,4,,,,0,,,,0,,,0,0,0,0.0,0,0,0,13,11,10,10,WrigMa00
661,Andrew Wylie,T,2018,2022,71,,,,0,,,,0,,,0,0,0,0.0,0,0,0,,,,,WyliAn00
662,Dexter Wynn,DB,2004,2006,28,,,,0,,,,0,,,0,30,7,1.0,0,0,0,,,,,WynnDe20
663,Deon Yelder,TE,2018,2020,26,,,,0,,,,0,10,86,0,0,0,0.0,0,0,0,,,,,YeldDe00
664,Scott Young,G,2006,2007,13,,,,0,,,,0,,,0,,,0.0,0,0,0,,,,,YounSc20
665,Vince Young,QB,2011,2011,6,66,114,866,4,9,18,79,0,,,0,0,0,0.0,0,0,0,,,,,YounVi00
666,Frank Zombo,LB,2013,2018,89,,,,0,,,,0,,,0,105,35,7.5,1,5,0,,,,,ZombFr00