Player,Class,Pos,Summary,Year
Alex Smith,JR,QB,"214 Cmp, 317 Att, 2952 Yds, 32 TD",2004
Brian Johnson,FR,QB,"14 Cmp, 21 Att, 142 Yds, 1 TD",2004
Fano Tagovailoa,JR,QB,"2 Cmp, 2 Att, 49 Yds, 0 TD",2004
Brigham Au,JR,QB,,2004
Adam Madsen,JR,QB,,2004
Quinton Ganther,JR,RB,"109 Att, 654 Yds, 6.0 Avg",2004
Marty Johnson,SR,RB,"165 Att, 802 Yds, 4.9 Avg",2004
Joe Johnson,FR,RB,"11 Att, 41 Yds, 3.7 Avg",2004
Darryl Poston,JR,RB,"1 Att, 3 Yds, 3.0 Avg",2004
Billy Kinsey,SO,RB,,2004
Paris Warren,SR,WR,"80 Rec, 1076 Yds, 13.5 Avg",2004
Steve Savoy,SO,WR,"67 Rec, 961 Yds, 14.3 Avg",2004
Jerome Wright,SR,WR,"5 Rec, 64 Yds, 12.8 Avg",2004
Travis Latendresse,SR,WR,"27 Rec, 411 Yds, 15.2 Avg",2004
Derrek Richards,FR,WR,"2 Rec, 53 Yds, 26.5 Avg",2004
Justin Walker,JR,WR,"1 Rec, -2 Yds, -2.0 Avg",2004
John Madsen,JR,WR,"27 Rec, 377 Yds, 14.0 Avg",2004
Thomas Huff,FR,WR,"1 Rec, 24 Yds, 24.0 Avg",2004
Blake Burdette,JR,TE,"3 Rec, 20 Yds, 6.7 Avg",2004
Jon Clark,JR,TE,"1 Rec, 20 Yds, 20.0 Avg",2004
Dan Beardall,JR,K,,2004
Bryan Borreson,JR,K,,2004
David Carroll,FR,K,,2004
Steve Fifita,JR,DL,,2004
Jonathan Fanene,SR,DL,,2004
Marquess Ledbetter,JR,DL,,2004
Sione Pouha,SR,DL,,2004
Corey Dodds,SR,LB,,2004
Grady Marshall,JR,LB,,2004
Spencer Toone,JR,LB,,2004
Bo Nagahi,SR,DB,,2004
Shaun Harper,SO,DB,,2004
Morgan Scalley,SR,DB,,2004
Ryan Smith,FR,DB,,2004
Eric Weddle,SO,DB,,2004
Matt Kovacevich,SR,P,,2004
Brian Johnson,SO,QB,"210 Cmp, 330 Att, 2892 Yds, 18 TD",2005
Brett Ratliff,JR,QB,"48 Cmp, 77 Att, 642 Yds, 8 TD",2005
Quinton Ganther,SR,RB,"205 Att, 1120 Yds, 5.5 Avg",2005
Darrell Mack,FR,RB,"39 Att, 147 Yds, 3.8 Avg",2005
Mike Liti,SO,RB,"12 Att, 28 Yds, 2.3 Avg",2005
Darryl Poston,SR,RB,"6 Att, 19 Yds, 3.2 Avg",2005
Fano Tagovailoa,JR,WR,"6 Rec, 66 Yds, 11.0 Avg",2005
Drew Hackett,JR,WR,,2005
Jordan Johnson,FR,WR,,2005
John Peel,FR,WR,,2005
Brent Casteel,FR,WR,"39 Rec, 426 Yds, 10.9 Avg",2005
Marquis Wilson,FR,WR,"9 Rec, 149 Yds, 16.6 Avg",2005
John Madsen,SR,WR,"55 Rec, 672 Yds, 12.2 Avg",2005
Justin Walker,SR,WR,,2005
Travis Latendresse,SR,WR,"55 Rec, 810 Yds, 14.7 Avg",2005
Brian Hernandez,JR,WR,"39 Rec, 709 Yds, 18.2 Avg",2005
Derrek Richards,SO,WR,"16 Rec, 239 Yds, 14.9 Avg",2005
Freddie Brown,FR,WR,"2 Rec, 43 Yds, 21.5 Avg",2005
Sean O'Connell,JR,TE,,2005
Chad Jacobsen,SR,TE,"4 Rec, 69 Yds, 17.3 Avg",2005
Ameen Shaheen,JR,TE,"3 Rec, 20 Yds, 6.7 Avg",2005
Willie Sao,SR,TE,,2005
Jason Boone,SO,OL,,2005
Brock Condie,SR,OL,,2005
David Dirkmaat,SR,OL,,2005
Jason Voss,JR,OL,,2005
Dan Beardall,SR,K,,2005
Louie Sakoda,FR,K,,2005
Kite Afeaki,SR,DL,,2005
Derek Beardall,JR,DL,,2005
Martail Burnett,SO,DL,,2005
Steve Fifita,SR,DL,,2005
Soli Lefiti,JR,DL,,2005
Alex Puccinelli,SO,DL,,2005
Paul Soliai,JR,DL,,2005
Kelly Talavou,JR,DL,,2005
Reggie Turner,JR,DL,,2005
Afa Garrigan,FR,LB,,2005
Joe Jiannoni,SO,LB,,2005
Taylor Miller,SO,LB,,2005
Malakai Mokofisi,SO,LB,,2005
Brady Nielson,JR,LB,,2005
Loma Olevao,SO,LB,,2005
Charlie Tegantvoort,SR,LB,,2005
Kyle Brady,SO,LB,,2005
Grady Marshall,SR,LB,,2005
Spencer Toone,SR,LB,,2005
Eric Weddle,JR,DB,,2005
Kawika Casco,SR,DB,,2005
Brice McCain,FR,DB,,2005
Eugene Oates,SR,DB,,2005
Eric Shyne,JR,DB,,2005
Antonio Young,SR,DB,,2005
Casey Evans,JR,DB,,2005
Shaun Harper,JR,DB,,2005
Tim Harris,SR,DB,,2005
Ryan Smith,SO,DB,,2005
Steve Tate,SO,DB,,2005
Brent Rawlings,SO,P,,2005
Brett Ratliff,SR,QB,"228 Cmp, 391 Att, 2796 Yds, 23 TD",2006
Tommy Grady,JR,QB,"7 Cmp, 14 Att, 102 Yds, 1 TD",2006
Kevin Dunn,FR,QB,,2006
Brady Phillips,FR,RB,,2006
Darryl Poston,SR,RB,"146 Att, 557 Yds, 3.8 Avg",2006
Darrell Mack,SO,RB,"43 Att, 173 Yds, 4.0 Avg",2006
Mike Liti,JR,RB,"37 Att, 183 Yds, 4.9 Avg",2006
R.J. Stanford,FR,RB,"11 Att, 48 Yds, 4.4 Avg",2006
Ray Stowers,SO,RB,"5 Att, 23 Yds, 4.6 Avg",2006
Fano Tagovailoa,SR,WR,"1 Rec, 35 Yds, 35.0 Avg",2006
Brent Casteel,SO,WR,"39 Rec, 600 Yds, 15.4 Avg",2006
Sean Smith,FR,WR,"1 Rec, 12 Yds, 12.0 Avg",2006
Marquis Wilson,SO,WR,"25 Rec, 398 Yds, 15.9 Avg",2006
Derrek Richards,JR,WR,"60 Rec, 717 Yds, 12.0 Avg",2006
Brian Hernandez,JR,WR,"47 Rec, 424 Yds, 9.0 Avg",2006
Bradon Godfrey,SO,WR,"22 Rec, 360 Yds, 16.4 Avg",2006
Freddie Brown,SO,WR,"17 Rec, 196 Yds, 11.5 Avg",2006
Jason Voss,SR,TE,,2006
Matt Sims,JR,TE,"4 Rec, 62 Yds, 15.5 Avg",2006
Colt Sampson,JR,TE,"3 Rec, 18 Yds, 6.0 Avg",2006
Zane Beadles,FR,OL,,2006
Corey Seiuli,SO,OL,,2006
Louie Sakoda,SO,K,,2006
Martail Burnett,JR,DL,,2006
Kenape Eliapo,FR,DL,,2006
Soli Lefiti,SR,DL,,2006
Gabe Long,JR,DL,,2006
Greg Newman,SO,DL,,2006
Alex Puccinelli,JR,DL,,2006
Paul Soliai,SR,DL,,2006
Casey Sutera,JR,DL,,2006
Kelly Talavou,SR,DL,,2006
Zeke Wily,FR,DL,,2006
Kyle Brady,JR,LB,,2006
Loma Olevao,JR,LB,,2006
Mike Wright,FR,LB,,2006
Joe Jiannoni,JR,LB,,2006
Malakai Mokofisi,JR,LB,,2006
Stevenson Sylvester,FR,LB,,2006
J.J. Williams,FR,LB,,2006
Eric Weddle,SR,DB,,2006
Joe Dale,FR,DB,,2006
Casey Evans,SR,DB,,2006
Justin Jones,FR,DB,,2006
Clint Mower,SO,DB,,2006
R.J. Rice,SO,DB,,2006
Mombroso Washington,JR,DB,,2006
Elijah Wesson,FR,DB,,2006
Shaun Harper,SR,DB,,2006
Brice McCain,SO,DB,,2006
Eric Shyne,SR,DB,,2006
Steve Tate,JR,DB,,2006
Brian Johnson,JR,QB,"181 Cmp, 272 Att, 1847 Yds, 11 TD",2007
Tommy Grady,SR,QB,"58 Cmp, 115 Att, 681 Yds, 4 TD",2007
Corbin Louks,FR,QB,"5 Cmp, 8 Att, 41 Yds, 2 TD",2007
Darrell Mack,JR,RB,"253 Att, 1204 Yds, 4.8 Avg",2007
Ray Stowers,JR,RB,"47 Att, 261 Yds, 5.6 Avg",2007
Eddie Wide,FR,RB,"19 Att, 44 Yds, 2.3 Avg",2007
Darryl Poston,SR,RB,"12 Att, 37 Yds, 3.1 Avg",2007
Matt Asiata,JR,RB,"4 Att, 16 Yds, 4.0 Avg",2007
Trevor Moss,SO,RB,"1 Att, 8 Yds, 8.0 Avg",2007
Zac Eldridge,FR,RB,,2007
Jereme Brooks,FR,WR,"15 Rec, 183 Yds, 12.2 Avg",2007
Bradon Godfrey,JR,WR,"50 Rec, 524 Yds, 10.5 Avg",2007
Marquis Wilson,JR,WR,"18 Rec, 285 Yds, 15.8 Avg",2007
Brent Casteel,JR,WR,"7 Rec, 64 Yds, 9.1 Avg",2007
Derrek Richards,SR,WR,"57 Rec, 635 Yds, 11.1 Avg",2007
Freddie Brown,JR,WR,"20 Rec, 219 Yds, 11.0 Avg",2007
Brian Hernandez,SR,WR,"39 Rec, 385 Yds, 9.9 Avg",2007
Mike Hicken,FR,WR,"1 Rec, 19 Yds, 19.0 Avg",2007
Dallin Rogers,FR,TE,"7 Rec, 45 Yds, 6.4 Avg",2007
Colt Sampson,JR,TE,"2 Rec, 15 Yds, 7.5 Avg",2007
Matt Sims,SR,TE,"2 Rec, 15 Yds, 7.5 Avg",2007
Dustin Hensel,JR,OL,,2007
Caleb Schlauderaff,FR,OL,,2007
Zane Taylor,FR,OL,,2007
Louie Sakoda,JR,K,,2007
Kenape Eliapo,SO,DL,,2007
Nai Fotu,FR,DL,,2007
Gabe Long,SR,DL,,2007
Koa Misi,SO,DL,,2007
Greg Newman,JR,DL,,2007
Alex Puccinelli,SR,DL,,2007
Casey Sutera,SR,DL,,2007
Lei Talamaivao,FR,DL,,2007
Ryan Taylor,SR,DL,,2007
Aaron Tonga,JR,DL,,2007
Zeke Tuinei-Wily,SO,DL,,2007
Neli A'Asa,FR,DL,,2007
Martail Burnett,SR,DL,,2007
Paul Kruger,FR,DL,,2007
Kyle Brady,SR,LB,,2007
Kepa Gaison,SO,LB,,2007
Jamel King,FR,LB,,2007
Malakai Mokofisi,SR,LB,,2007
Loma Olevao,SR,LB,,2007
Stevenson Sylvester,SO,LB,,2007
Justin Taplin-Ross,FR,LB,,2007
Mike Wright,SO,LB,,2007
Joe Jiannoni,SR,LB,,2007
Terrell Cole,JR,DB,,2007
Clint Mower,JR,DB,,2007
Deshawn Richard,JR,DB,,2007
R.J. Stanford,SO,DB,,2007
Elijah Wesson,SO,DB,,2007
Joe Dale,SO,DB,,2007
Robert Johnson,SO,DB,,2007
Justin Jones,SO,DB,,2007
Brice McCain,JR,DB,,2007
R.J. Rice,JR,DB,,2007
Sean Smith,SO,DB,,2007
Steve Tate,SR,DB,,2007
Brian Johnson,SR,QB,"268 Cmp, 394 Att, 2972 Yds, 27 TD",2008
Corbin Louks,SO,QB,"4 Cmp, 7 Att, 104 Yds, 0 TD",2008
Chad Manis,SO,QB,"3 Cmp, 4 Att, 24 Yds, 0 TD",2008
Matt Asiata,JR,RB,"146 Att, 707 Yds, 4.8 Avg",2008
Darrell Mack,SR,RB,"123 Att, 541 Yds, 4.4 Avg",2008
Trevor Moss,JR,RB,,2008
Eddie Wide,SO,RB,"30 Att, 183 Yds, 6.1 Avg",2008
Ray Stowers,JR,RB,"17 Att, 76 Yds, 4.5 Avg",2008
Junior Fonua,JR,RB,,2008
Jereme Brooks,SO,WR,"30 Rec, 331 Yds, 11.0 Avg",2008
Mychal Robinson,FR,WR,,2008
Brent Casteel,SR,WR,"43 Rec, 564 Yds, 13.1 Avg",2008
Elijah Wesson,JR,WR,,2008
David Reed,JR,WR,"25 Rec, 427 Yds, 17.1 Avg",2008
Freddie Brown,SR,WR,"77 Rec, 900 Yds, 11.7 Avg",2008
Bradon Godfrey,SR,WR,"56 Rec, 556 Yds, 9.9 Avg",2008
Aiona Key,JR,WR,"1 Rec, 19 Yds, 19.0 Avg",2008
John Peel,JR,WR,"1 Rec, 7 Yds, 7.0 Avg",2008
Ben Hendy,JR,TE,,2008
Colt Sampson,SR,TE,"11 Rec, 76 Yds, 6.9 Avg",2008
Chris Joppru,JR,TE,"6 Rec, 59 Yds, 9.8 Avg",2008
Tony Bergstrom,FR,OL,,2008
Robert Conley,SR,OL,,2008
Louie Sakoda,SR,K,,2008
Kenape Eliapo,JR,DL,,2008
Koa Misi,JR,DL,,2008
Derrick Shelby,FR,DL,,2008
Sealver Siliga,FR,DL,,2008
Lei Talamaivao,SO,DL,,2008
Aaron Tonga,SR,DL,,2008
Junior Tui'One,SO,DL,,2008
Paul Kruger,SO,DL,,2008
Greg Newman,SR,DL,,2008
Greg Bird,FR,LB,,2008
Nai Fotu,SO,LB,,2008
Kepa Gaison,JR,LB,,2008
Lisi Leota,JR,LB,,2008
Matt Martinez,SO,LB,,2008
Mo Neal,FR,LB,,2008
Stevenson Sylvester,JR,LB,,2008
Mike Wright,JR,LB,,2008
Chaz Walker,FR,LB,,2008
Brandon Burton,FR,DB,,2008
Tysen Clements,SO,DB,,2008
Clint Mower,SR,DB,,2008
Damilyn Tanner,JR,DB,,2008
Justin Taplin-Ross,SO,DB,,2008
R.J. Stanford,JR,DB,,2008
Terrell Cole,SR,DB,,2008
Joe Dale,JR,DB,,2008
Robert Johnson,JR,DB,,2008
Justin Jones,JR,DB,,2008
Brice McCain,SR,DB,,2008
R.J. Rice,SR,DB,,2008
Deshawn Richard,SR,DB,,2008
Sean Smith,JR,DB,,2008
Terrance Cain,JR,QB,"137 Cmp, 215 Att, 1624 Yds, 11 TD",2009
Jordan Wynn,FR,QB,"104 Cmp, 179 Att, 1329 Yds, 8 TD",2009
Matt Asiata,SR,RB,"74 Att, 330 Yds, 4.5 Avg",2009
Mychal Robinson,SO,RB,,2009
Eddie Wide,JR,RB,"203 Att, 1069 Yds, 5.3 Avg",2009
Sausan Shakerin,FR,RB,"36 Att, 198 Yds, 5.5 Avg",2009
Trevor Moss,SR,RB,"3 Att, 4 Yds, 1.3 Avg",2009
Ray Stowers,SR,RB,"3 Att, 12 Yds, 4.0 Avg",2009
Shaky Smithson,JR,WR,"13 Rec, 100 Yds, 7.7 Avg",2009
Devonte Christopher,FR,WR,"2 Rec, 38 Yds, 19.0 Avg",2009
Jereme Brooks,JR,WR,"56 Rec, 696 Yds, 12.4 Avg",2009
Luke Matthews,FR,WR,"9 Rec, 108 Yds, 12.0 Avg",2009
David Reed,SR,WR,"81 Rec, 1188 Yds, 14.7 Avg",2009
Aiona Key,SR,WR,"26 Rec, 227 Yds, 8.7 Avg",2009
John Peel,SR,WR,"16 Rec, 209 Yds, 13.1 Avg",2009
Elijah Wesson,SR,WR,"3 Rec, 27 Yds, 9.0 Avg",2009
Ben Hendy,SR,TE,"4 Rec, 28 Yds, 7.0 Avg",2009
Kendrick Moeai,FR,TE,"4 Rec, 77 Yds, 19.3 Avg",2009
Brad Clifford,JR,TE,"1 Rec, -2 Yds, -2.0 Avg",2009
Zane Beadles,SR,OL,,2009
Patrick Greene,FR,OL,,2009
Viliamu Nau,SR,OL,,2009
Joe Phillips,JR,K,,2009
Ben Vroman,SR,K,,2009
Kenape Eliapo,SR,DL,,2009
Nai Fotu,JR,DL,,2009
Dave Kruger,FR,DL,,2009
Koa Misi,SR,DL,,2009
Derrick Shelby,SO,DL,,2009
Sealver Siliga,SO,DL,,2009
Lei Talamaivao,SO,DL,,2009
Junior Tui'One,JR,DL,,2009
Christian Cox,JR,DL,,2009
Kepa Gaison,SR,LB,,2009
Jamel King,SO,LB,,2009
Chad Manis,JR,LB,,2009
Chaz Walker,SO,LB,,2009
J.J. Williams,SO,LB,,2009
Boo Andersen,FR,LB,,2009
Matt Martinez,SO,LB,,2009
Stevenson Sylvester,SR,LB,,2009
Mike Wright,SR,LB,,2009
Bryce Bennion,FR,DB,,2009
Greg Bird,SO,DB,,2009
Tysen Clements,JR,DB,,2009
Victor Spikes,FR,DB,,2009
Justin Taplin-Ross,JR,DB,,2009
Reggie Topps,FR,DB,,2009
Kamaron Yancy,JR,DB,,2009
Brandon Burton,SO,DB,,2009
Lamar Chapman,JR,DB,,2009
Joe Dale,SR,DB,,2009
Robert Johnson,SR,DB,,2009
Justin Jones,SR,DB,,2009
Ryan Lacy,FR,DB,,2009
R.J. Stanford,SR,DB,,2009
Sean Sellwood,FR,P,,2009
Jordan Wynn,SO,QB,"186 Cmp, 299 Att, 2334 Yds, 17 TD",2010
Terrance Cain,SR,QB,"61 Cmp, 96 Att, 703 Yds, 6 TD",2010
Griff Robles,FR,QB,"0 Cmp, 1 Att, 0 Yds, 0 TD",2010
Mychal Robinson,JR,RB,,2010
Matt Asiata,SR,RB,"155 Att, 695 Yds, 4.5 Avg",2010
Eddie Wide,SR,RB,"149 Att, 717 Yds, 4.8 Avg",2010
Tauni Vakapuna,JR,RB,"19 Att, 79 Yds, 4.2 Avg",2010
Sausan Shakerin,SO,RB,"12 Att, 105 Yds, 8.8 Avg",2010
Beau Burton,FR,RB,"9 Att, 59 Yds, 6.6 Avg",2010
Shawn Asiata,JR,RB,"6 Rec, 32 Yds, 5.3 Avg",2010
Shaky Smithson,SR,WR,"25 Rec, 383 Yds, 15.3 Avg",2010
Sean Fitzgerald,FR,WR,,2010
Reggie Dunn,SO,WR,"4 Rec, 70 Yds, 17.5 Avg",2010
Jereme Brooks,SR,WR,"51 Rec, 633 Yds, 12.4 Avg",2010
Devonte Christopher,SO,WR,"39 Rec, 660 Yds, 16.9 Avg",2010
Luke Matthews,SO,WR,"18 Rec, 289 Yds, 16.1 Avg",2010
Fatu Moala,FR,WR,"5 Rec, 44 Yds, 8.8 Avg",2010
Griffin McNabb,FR,WR,"2 Rec, 8 Yds, 4.0 Avg",2010
Dexter Ransom,JR,WR,"2 Rec, 12 Yds, 6.0 Avg",2010
Westlee Tonga,FR,TE,,2010
Kendrick Moeai,SO,TE,"11 Rec, 225 Yds, 20.5 Avg",2010
Dallin Rogers,SO,TE,"11 Rec, 167 Yds, 15.2 Avg",2010
Brad Clifford,SR,TE,"6 Rec, 79 Yds, 13.2 Avg",2010
John Cullen,JR,OL,,2010
Percy Taumoelau,FR,OL,,2010
Ron Tongaonevai,SO,OL,,2010
Joe Phillips,SR,K,,2010
Nick Marsh,FR,K,,2010
James Aiono,JR,DL,,2010
Christian Cox,SR,DL,,2010
Tevita Finau,JR,DL,,2010
Latu Heimuli,FR,DL,,2010
Dave Kruger,SO,DL,,2010
Joe Kruger,FR,DL,,2010
Star Lotulelei,SO,DL,,2010
Trevor Reilly,FR,DL,,2010
Derrick Shelby,JR,DL,,2010
Sealver Siliga,JR,DL,,2010
Junior Tui'One,SR,DL,,2010
Neli A'Asa,SR,DL,,2010
Dave Fagergren,SO,LB,,2010
Jamel King,JR,LB,,2010
Chad Manis,SR,LB,,2010
J.J. Williams,JR,LB,,2010
Boo Andersen,SO,LB,,2010
Matt Martinez,JR,LB,,2010
Chaz Walker,JR,LB,,2010
Lamar Chapman,SR,DB,,2010
Quade Chappuis,FR,DB,,2010
Wykie Freeman,FR,DB,,2010
Mike Honeycutt,FR,DB,,2010
Victor Spikes,SO,DB,,2010
Michael Walker,FR,DB,,2010
Chris Washington,FR,DB,,2010
Tyler Whittingham,JR,DB,,2010
Kamaron Yancy,SR,DB,,2010
Greg Bird,JR,DB,,2010
Conroy Black,JR,DB,,2010
Brian Blechen,FR,DB,,2010
Brandon Burton,JR,DB,,2010
Justin Taplin-Ross,SR,DB,,2010
Reggie Topps,SO,DB,,2010
Sean Sellwood,SO,P,,2010
Jon Hays,JR,QB,"120 Cmp, 214 Att, 1459 Yds, 12 TD",2011
Jordan Wynn,JR,QB,"66 Cmp, 116 Att, 727 Yds, 6 TD",2011
Thretton Palamo,SO,RB,,2011
John White,JR,RB,"316 Att, 1519 Yds, 4.8 Avg",2011
Tauni Vakapuna,SR,RB,"31 Att, 104 Yds, 3.4 Avg",2011
Harvey Langi,FR,RB,"13 Att, 70 Yds, 5.4 Avg",2011
Shawn Asiata,SR,RB,"11 Rec, 98 Yds, 8.9 Avg",2011
Karl Williams,SO,RB,"1 Rec, 4 Yds, 4.0 Avg",2011
Max Moala,JR,RB,,2011
Devonte Christopher,JR,WR,"42 Rec, 663 Yds, 15.8 Avg",2011
Nick Brown,SO,WR,,2011
Reggie Dunn,JR,WR,"15 Rec, 211 Yds, 14.1 Avg",2011
Dres Anderson,FR,WR,"23 Rec, 355 Yds, 15.4 Avg",2011
Griffin McNabb,SO,WR,"2 Rec, 13 Yds, 6.5 Avg",2011
Luke Matthews,JR,WR,"17 Rec, 263 Yds, 15.5 Avg",2011
Kenneth Scott,FR,WR,"8 Rec, 141 Yds, 17.6 Avg",2011
Dexter Ransom,SR,WR,"3 Rec, 47 Yds, 15.7 Avg",2011
Charles Henderson,FR,WR,"1 Rec, 13 Yds, 13.0 Avg",2011
Quinton Pedroza,FR,WR,,2011
Dallin Rogers,JR,TE,"21 Rec, 163 Yds, 7.8 Avg",2011
Kendrick Moeai,JR,TE,"15 Rec, 84 Yds, 5.6 Avg",2011
Jake Murphy,FR,TE,"5 Rec, 64 Yds, 12.8 Avg",2011
Westlee Tonga,SO,TE,"1 Rec, 12 Yds, 12.0 Avg",2011
John Cullen,SR,OL,,2011
Latu Heimuli,SO,OL,,2011
Nick Marsh,SO,K,,2011
Coleman Petersen,JR,K,,2011
James Aiono,SR,DL,,2011
Nate Fakahafua,FR,DL,,2011
Tevita Finau,SR,DL,,2011
Dave Kruger,JR,DL,,2011
Joe Kruger,SO,DL,,2011
Lei Talamaivao,SR,DL,,2011
Lt Tuipulotu,SO,DL,,2011
David Rolf,JR,DL,,2011
Star Lotulelei,JR,DL,,2011
Derrick Shelby,SR,DL,,2011
Griff Robles,SO,LB,,2011
Boo Andersen,JR,LB,,2011
Dave Fagergren,JR,LB,,2011
V.J. Fehoko,FR,LB,,2011
Nai Fotu,SR,LB,,2011
Jacoby Hale,FR,LB,,2011
Chaz Walker,SR,LB,,2011
Brian Blechen,SO,LB,,2011
Matt Martinez,SR,LB,,2011
Trevor Reilly,SO,LB,,2011
J.J. Williams,SR,LB,,2011
Mike Honeycutt,SO,DB,,2011
Mo Lee,JR,DB,,2011
Keith McGill,JR,DB,,2011
Terrell Reese,FR,DB,,2011
Tyler Whittingham,SR,DB,,2011
Ryan Lacy,JR,DB,,2011
Michael Walker,SO,DB,,2011
Greg Bird,SR,DB,,2011
Conroy Black,SR,DB,,2011
Quade Chappuis,SO,DB,,2011
Chandler Johnson,FR,DB,,2011
Eric Rowe,FR,DB,,2011
Reggie Topps,JR,DB,,2011
Sean Sellwood,JR,P,,2011
Travis Wilson,FR,QB,"127 Cmp, 203 Att, 1311 Yds, 7 TD",2012
Jon Hays,SR,QB,"63 Cmp, 104 Att, 653 Yds, 7 TD",2012
Jordan Wynn,JR,QB,"25 Cmp, 38 Att, 247 Yds, 2 TD",2012
Adam Schulz,FR,QB,"2 Cmp, 2 Att, 52 Yds, 0 TD",2012
John White,SR,RB,"218 Att, 1041 Yds, 4.8 Avg",2012
Kelvin York,JR,RB,"60 Att, 273 Yds, 4.6 Avg",2012
Jarrell Oliver,FR,RB,"23 Att, 52 Yds, 2.3 Avg",2012
Lucky Radley,SO,RB,"15 Att, 50 Yds, 3.3 Avg",2012
Karl Williams,JR,RB,"9 Rec, 83 Yds, 9.2 Avg",2012
Max Moala,SR,RB,"3 Rec, 35 Yds, 11.7 Avg",2012
Devonte Christopher,SR,WR,"22 Rec, 301 Yds, 13.7 Avg",2012
Quinton Pedroza,SO,WR,,2012
Dres Anderson,SO,WR,"36 Rec, 365 Yds, 10.1 Avg",2012
Reggie Dunn,SR,WR,"12 Rec, 74 Yds, 6.2 Avg",2012
Luke Matthews,SR,WR,"19 Rec, 204 Yds, 10.7 Avg",2012
Kenneth Scott,SO,WR,"32 Rec, 360 Yds, 11.3 Avg",2012
Anthony Denham,JR,WR,"11 Rec, 135 Yds, 12.3 Avg",2012
Sean Fitzgerald,JR,WR,"4 Rec, 61 Yds, 15.3 Avg",2012
Geoff Norwood,SO,WR,,2012
Jake Murphy,SO,TE,"33 Rec, 349 Yds, 10.6 Avg",2012
David Rolf,SR,TE,"10 Rec, 95 Yds, 9.5 Avg",2012
Dallin Rogers,SR,TE,"4 Rec, 26 Yds, 6.5 Avg",2012
Westlee Tonga,JR,TE,"4 Rec, 39 Yds, 9.8 Avg",2012
Kendrick Moeai,SR,TE,"1 Rec, 9 Yds, 9.0 Avg",2012
Patrick Greene,SR,OL,,2012
Latu Heimuli,JR,OL,,2012
Percy Taumoelau,JR,OL,,2012
Nick Marsh,JR,K,,2012
Coleman Petersen,SR,K,,2012
Nate Fakahafua,SO,DL,,2012
Viliseni Fauonuku,FR,DL,,2012
Jacoby Hale,SO,DL,,2012
Dave Kruger,SR,DL,,2012
Niasi Leota,JR,DL,,2012
Star Lotulelei,SR,DL,,2012
Thretton Palamo,JR,DL,,2012
Tenny Palepoi,JR,DL,,2012
Lt Tuipulotu,JR,DL,,2012
Joe Kruger,JR,DL,,2012
Boo Andersen,SR,LB,,2012
Nick Brown,JR,LB,,2012
Dave Fagergren,SR,LB,,2012
V.J. Fehoko,SO,LB,,2012
Lt Filiaga,FR,LB,,2012
Reshawn Hooker,FR,LB,,2012
Jared Norris,FR,LB,,2012
Victor Spikes,JR,LB,,2012
Travis Still,FR,LB,,2012
Jason Whittingham,FR,LB,,2012
Trevor Reilly,JR,LB,,2012
Joseph Bryant,FR,DB,,2012
Quade Chappuis,JR,DB,,2012
Wykie Freeman,SO,DB,,2012
Chandler Johnson,SO,DB,,2012
Tyron Morris-Edwards,SO,DB,,2012
Terrell Reese,SO,DB,,2012
Lewis Walker,SR,DB,,2012
Michael Walker,JR,DB,,2012
Tyler White,FR,DB,,2012
Mike Honeycutt,JR,DB,,2012
Brian Blechen,JR,DB,,2012
Charles Henderson,FR,DB,,2012
Ryan Lacy,SR,DB,,2012
Moe Lee,SR,DB,,2012
Eric Rowe,SO,DB,,2012
Reggie Topps,SR,DB,,2012
Sean Sellwood,SR,P,,2012
Tom Hackett,FR,P,,2012
Travis Wilson,SO,QB,"133 Cmp, 237 Att, 1827 Yds, 16 TD",2013
Adam Schulz,SO,QB,"75 Cmp, 154 Att, 1008 Yds, 6 TD",2013
James Poole,SO,RB,"149 Att, 607 Yds, 4.1 Avg",2013
Kelvin York,JR,RB,"118 Att, 463 Yds, 3.9 Avg",2013
Lucky Radley,JR,RB,"59 Att, 284 Yds, 4.8 Avg",2013
Karl Williams,SR,RB,"15 Att, 51 Yds, 3.4 Avg",2013
Marcus Sanders-Williams,FR,RB,"10 Att, 40 Yds, 4.0 Avg",2013
Dres Anderson,JR,WR,"53 Rec, 1002 Yds, 18.9 Avg",2013
Sean Fitzgerald,SR,WR,"32 Rec, 471 Yds, 14.7 Avg",2013
Anthony Denham,SR,WR,"24 Rec, 291 Yds, 12.1 Avg",2013
Geoffrey Norwood,SO,WR,"13 Rec, 173 Yds, 13.3 Avg",2013
Dominique Hatfield,FR,WR,"4 Rec, 84 Yds, 21.0 Avg",2013
Delshawn McClellon,FR,WR,,2013
Tanqueray Towns,SR,WR,,2013
Jake Murphy,JR,TE,"25 Rec, 417 Yds, 16.7 Avg",2013
Siale Fakailoatonga,FR,TE,"2 Rec, 18 Yds, 9.0 Avg",2013
Westlee Tonga,SR,TE,"2 Rec, 28 Yds, 14.0 Avg",2013
Vyncent Jones,SR,OL,,2013
Jeremiah Tofaeono,SR,OL,,2013
Andy Phillips,FR,K,,2013
Jamie Sutcliffe,FR,K,,2013
V.J. Fehoko,JR,LB,,2013
Lt Filiaga,SO,LB,,2013
Jacoby Hale,JR,LB,,2013
Uaea Masina,FR,LB,,2013
Jared Norris,SO,LB,,2013
Travis Still,SO,LB,,2013
Pita Taumoepenu,FR,LB,,2013
Jason Whittingham,SO,LB,,2013
Quade Chappuis,SR,DB,,2013
Hipolito Corporan,FR,DB,,2013
Wykie Freeman,JR,DB,,2013
Charles Henderson,SO,DB,,2013
Mike Honeycutt,SR,DB,,2013
Chandler Johnson,JR,DB,,2013
Keith McGill,SR,DB,,2013
Tyron Morris-Edwards,JR,DB,,2013
Davion Orphey,JR,DB,,2013
Reginald Porter,FR,DB,,2013
Eric Rowe,JR,DB,,2013
Joseph Smith,JR,DB,,2013
Darchon Taggart,SO,DB,,2013
Justin Thomas,FR,DB,,2013
Michael Walker,SR,DB,,2013
Tom Hackett,SO,P,,2013
Hunter Dimick,FR,DE,,2013
Chase Dominguez,FR,LS,,2013
Viliseni Fauonuku,SO,DT,,2013
Latu Heimuli,SR,DT,,2013
Sese Ianu,JR,DT,,2013
Daniel Nielson,SO,DT,,2013
Nate Orchard,JR,DE,,2013
Thretton Palamo,SR,DE,,2013
Tenny Palepoi,SR,DT,,2013
Trevor Reilly,SR,DE,,2013
Sam Tevi,FR,DT,,2013
Lt Tuipulotu,,DT,,2013
Travis Wilson,JR,QB,"190 Cmp, 313 Att, 2170 Yds, 18 TD",2014
Kendal Thompson,JR,QB,"32 Cmp, 52 Att, 324 Yds, 2 TD",2014
Conner Manning,FR,QB,"2 Cmp, 6 Att, 28 Yds, 0 TD",2014
Brandon Cox,FR,QB,"3 Cmp, 3 Att, 17 Yds, 0 TD",2014
Adam Schulz,JR,QB,"2 Cmp, 2 Att, 31 Yds, 0 TD",2014
Jason Thompson,JR,QB,"0 Cmp, 1 Att, 0 Yds, 0 TD",2014
Devontae Booker,JR,RB,"292 Att, 1512 Yds, 5.2 Avg",2014
Bubba Poole,JR,RB,"49 Att, 211 Yds, 4.3 Avg",2014
Troy McCormick,FR,RB,"30 Att, 178 Yds, 5.9 Avg",2014
Dre'Vian Young,FR,RB,"4 Att, 14 Yds, 3.5 Avg",2014
Andrew Fletcher,JR,RB,,2014
Tavaris Williams,FR,RB,,2014
Kaelin Clay,SR,WR,"43 Rec, 523 Yds, 12.2 Avg",2014
Dres Anderson,SR,WR,"22 Rec, 355 Yds, 16.1 Avg",2014
Delshawn McClellon,SO,WR,"7 Rec, 98 Yds, 14.0 Avg",2014
Dominique Hatfield,SO,WR,"1 Rec, 9 Yds, 9.0 Avg",2014
Kenneth Scott,JR,WR,"48 Rec, 506 Yds, 10.5 Avg",2014
Tim Patrick,JR,WR,"16 Rec, 177 Yds, 11.1 Avg",2014
Jameson Field,FR,WR,"1 Rec, 17 Yds, 17.0 Avg",2014
Andre Lewis,SR,WR,"1 Rec, 45 Yds, 45.0 Avg",2014
Kenric Young,FR,WR,"1 Rec, -1 Yds, -1.0 Avg",2014
Brian Allen,SO,WR,,2014
Tyler Cooperwood,JR,WR,,2014
Geoffrey Norwood,SR,WR,,2014
Ryan Petersen,SR,WR,,2014
Westlee Tonga,SR,TE,"30 Rec, 391 Yds, 13.0 Avg",2014
Siale Fakailoatonga,SO,TE,"2 Rec, 33 Yds, 16.5 Avg",2014
Wallace Gonzalez,FR,TE,,2014
J.J. Dielman,SO,OL,,2014
Christian Drews,FR,LB,,2014
Jacoby Hale,SR,LB,,2014
Tanner Larsen,FR,LB,,2014
Uaea Masina,SO,LB,,2014
Jared Norris,JR,LB,,2014
Gionni Paul,JR,LB,,2014
Marcus Sanders-Williams,SO,LB,,2014
Sharrieff Shah,SO,LB,,2014
Jason Whittingham,JR,LB,,2014
Brian Blechen,SR,DB,,2014
Tevin Carter,SR,DB,,2014
Wykie Freeman,SR,DB,,2014
Andre Godfrey,FR,DB,,2014
Charles Henderson,JR,DB,,2014
Travonne Hobbs,FR,DB,,2014
Chandler Johnson,SR,DB,,2014
Danny McCormick,FR,DB,,2014
Nick Mika,FR,DB,,2014
Davion Orphey,SR,DB,,2014
Eric Rowe,SR,DB,,2014
Monte Seabrook,FR,DB,,2014
Mo Talley,SO,DB,,2014
Justin Thomas,SO,DB,,2014
Marcus Williams,FR,DB,,2014
Tom Hackett,JR,P,,2014
Chris Van Orden,SR,P,,2014
Andy Phillips,SO,KR,,2014
Hunter Dimick,SO,DE,,2014
Chase Dominguez,SO,LS,,2014
Jason Fanaika,JR,DE,,2014
Viliseni Fauonuku,JR,DT,,2014
Sese Ianu,SR,DT,,2014
Lowell Lotulelei,FR,DT,,2014
Filipo Mokofisi,FR,DT,,2014
Nate Orchard,SR,DE,,2014
Greg Reese,SR,DE,,2014
Clint Shepard,JR,DT,,2014
Clarence Smith,FR,DE,,2014
Pita Taumoepenu,SO,DE,,2014
Stevie Tu'Ikolovatu,SO,DT,,2014
Travis Wilson,SR,QB,"195 Cmp, 314 Att, 2093 Yds, 13 TD",2015
Kendal Thompson,SR,QB,"28 Cmp, 36 Att, 220 Yds, 1 TD",2015
Chase Hansen,FR,QB,"0 Cmp, 1 Att, 0 Yds, 0 TD",2015
Chase Hansen,FR,QB,"0 Cmp, 1 Att, 0 Yds, 0 TD",2015
Brandon Cox,SO,QB,,2015
Conner Manning,SO,QB,,2015
Devontae Booker,SR,RB,"268 Att, 1261 Yds, 4.7 Avg",2015
Joe Williams,JR,RB,"104 Att, 477 Yds, 4.6 Avg",2015
Marcus Sanders-Williams,JR,RB,"3 Rec, 19 Yds, 6.3 Avg",2015
Marcel Brooks-Brown,FR,RB,,2015
Andrew Fletcher,SR,RB,,2015
Marcus Horne,JR,RB,,2015
Troy McCormick,SO,RB,,2015
Monte Seabrook,SO,RB,,2015
A.J. Semeatu,FR,RB,,2015
Dre'Vian Young,SO,RB,,2015
Bubba Poole,SR,WR,"24 Rec, 145 Yds, 6.0 Avg",2015
Britain Covey,FR,WR,"43 Rec, 519 Yds, 12.1 Avg",2015
Delshawn McClellon,JR,WR,"1 Rec, 12 Yds, 12.0 Avg",2015
Kyle Fulks,SO,WR,,2015
Kenneth Scott,SR,WR,"39 Rec, 457 Yds, 11.7 Avg",2015
Tyrone Smith,FR,WR,"18 Rec, 193 Yds, 10.7 Avg",2015
Raelon Singleton,FR,WR,"6 Rec, 49 Yds, 8.2 Avg",2015
Kenric Young,SO,WR,"3 Rec, 17 Yds, 5.7 Avg",2015
Cory Butler,JR,WR,"1 Rec, 54 Yds, 54.0 Avg",2015
Tyler Cooperwood,JR,WR,,2015
Jameson Field,SO,WR,,2015
Chase Loftin,SO,WR,,2015
Tim Patrick,SR,WR,,2015
Andrew Santiago,JR,WR,,2015
AJ Townsend,FR,WR,,2015
George Wilson,FR,WR,,2015
Wallace Gonzalez,FR,TE,,2015
Harrison Handley,SO,TE,"21 Rec, 286 Yds, 13.6 Avg",2015
Siale Fakailoatonga,JR,TE,"12 Rec, 120 Yds, 10.0 Avg",2015
Caleb Repp,FR,TE,"2 Rec, 25 Yds, 12.5 Avg",2015
Ken Hampel,JR,TE,"1 Rec, 29 Yds, 29.0 Avg",2015
Evan Moeai,SR,TE,"1 Rec, 5 Yds, 5.0 Avg",2015
Tyler Bell,SO,TE,,2015
Lo Falemaka,SO,TE,,2015
J.J. Dielman,JR,OL,,2015
Leki Taumoepeau,FR,OL,,2015
Siaosi Aiono,SR,OL,,2015
Isaac Asiata,JR,OL,,2015
Jackson Barton,FR,OL,,2015
Johnny Capra,FR,OL,,2015
Nick Carman,FR,OL,,2015
Keven Dixon,FR,OL,,2015
Daniel Heller,FR,OL,,2015
Griffin Kemp,FR,OL,,2015
Hiva Lutui,JR,OL,,2015
Nick Nowakowski,JR,OL,,2015
Darrin Paulo,FR,OL,,2015
Salesi Uhatafe,SO,OL,,2015
Andy Phillips,JR,K,,2015
Jon Halliday,SR,K,,2015
Hayes Hicken,FR,K,,2015
Jake Kane,JR,K,,2015
Cody Barton,FR,LB,,2015
Christian Drews,SO,LB,,2015
Uaea Masina,SO,LB,,2015
Jared Norris,SR,LB,,2015
Gionni Paul,SR,LB,,2015
Sharrieff Shah,JR,LB,,2015
Alex Whittingham,SO,LB,,2015
Jason Whittingham,SR,LB,,2015
Jake Jackson,FR,LB,,2015
Braden Pelly,FR,LB,,2015
Justin Tatola,FR,LB,,2015
Sunia Tauteoli,SO,LB,,2015
Sam Whittingham,FR,LB,,2015
Philip Afia,FR,DB,,2015
Brian Allen,JR,DB,,2015
Tevin Carter,SR,DB,,2015
Tyson Cisrow,FR,DB,,2015
Evan Eggiman,SO,DB,,2015
Jordan Fogal,SO,DB,,2015
Andre Godfrey,SO,DB,,2015
Dominique Hatfield,,DB,,2015
Boobie Hobbs,SO,DB,,2015
Casey Hughes,FR,DB,,2015
Austin Lee,FR,DB,,2015
Reginald Porter,JR,DB,,2015
Justin Thomas,JR,DB,,2015
Jason Thompson,JR,DB,,2015
Marcus Williams,SO,DB,,2015
Dylan Calhoun,FR,DB,,2015
Conner Charles,FR,DB,,2015
Ahmad Christian,SR,DB,,2015
Taylor Loomis,FR,DB,,2015
Tavaris Williams,SO,DB,,2015
Tom Hackett,SR,P,,2015
Chris Van Orden,SR,P,,2015
Hayden Clegg,JR,DE,,2015
Hunter Dimick,JR,DE,,2015
Chase Dominguez,JR,LS,,2015
Jason Fanaika,SR,DE,,2015
Viliseni Fauonuku,SR,DT,,2015
Kylie Fitts,JR,DE,,2015
Lowell Lotulelei,SO,DT,,2015
Filipo Mokofisi,SO,DT,,2015
Pasoni Tasini,JR,DT,,2015
Pita Taumoepenu,JR,DE,,2015
Stevie Tu'Ikolovatu,JR,DT,,2015
Andrew Albers,SR,T,,2015
Kyle Christiansen,FR,DT,,2015
Pena Fitisemanu,FR,DT,,2015
Chris Hart,FR,DE,,2015
Alani Havili-Katoa,FR,DT,,2015
Alani Havli-Katoa,FR,DT,,2015
Kendall Huey,SO,DE,,2015
Clarence Smith,SO,DE,,2015
Sam Tevi,JR,T,,2015
Vaha Vainuku,SO,DT,,2015
Troy Williams,JR,QB,"207 Cmp, 390 Att, 2757 Yds, 15 TD",2016
Tyler Huntley,FR,QB,"5 Cmp, 7 Att, 60 Yds, 0 TD",2016
Joe Williams,SR,RB,"210 Att, 1407 Yds, 6.7 Avg",2016
Zack Moss,FR,RB,"84 Att, 382 Yds, 4.5 Avg",2016
Armand Shyne,SO,RB,"78 Att, 373 Yds, 4.8 Avg",2016
Troy McCormick,JR,RB,"39 Att, 194 Yds, 5.0 Avg",2016
Jordan Howard,JR,RB,"5 Att, 32 Yds, 6.4 Avg",2016
Devonta'e Henry-Cole,FR,RB,"1 Att, 2 Yds, 2.0 Avg",2016
Demari Simpkins,FR,WR,"19 Rec, 158 Yds, 8.3 Avg",2016
Cory Butler,SR,WR,"29 Rec, 372 Yds, 12.8 Avg",2016
Kyle Fulks,JR,WR,"6 Rec, 57 Yds, 9.5 Avg",2016
Tim Patrick,SR,WR,"45 Rec, 711 Yds, 15.8 Avg",2016
Raelon Singleton,SO,WR,"27 Rec, 464 Yds, 17.2 Avg",2016
Siaosi Wilson,FR,WR,"15 Rec, 183 Yds, 12.2 Avg",2016
Tyrone Smith,SO,WR,"10 Rec, 148 Yds, 14.8 Avg",2016
Tyler Cooperwood,SR,WR,"3 Rec, 17 Yds, 5.7 Avg",2016
Kenric Young,JR,WR,"1 Rec, 5 Yds, 5.0 Avg",2016
Dimitri Salido,JR,WR,,2016
Evan Moeai,SR,TE,"22 Rec, 308 Yds, 14.0 Avg",2016
Harrison Handley,JR,TE,"12 Rec, 168 Yds, 14.0 Avg",2016
Wallace Gonzalez,SO,TE,"1 Rec, 11 Yds, 11.0 Avg",2016
Isaac Asiata,SR,OL,,2016
Salesi Uhatafe,JR,OL,,2016
Hayes Hicken,FR,K,,2016
Andy Phillips,SR,K,,2016
Cody Barton,SO,LB,,2016
Christian Drews,JR,LB,,2016
Evan Eggiman,JR,LB,,2016
Kavika Luafatasaga,JR,LB,,2016
Sharrieff Shah,SR,LB,,2016
Sunia Tauteoli,JR,LB,,2016
Donavan Thompson,FR,LB,,2016
Terrell Burgess,FR,DB,,2016
Brian Allen,SR,DB,,2016
Julian Blackmon,FR,DB,,2016
Tyson Cisrow,FR,DB,,2016
MacKay Dunn,SO,DB,,2016
Jordan Fogal,JR,DB,,2016
Andre Godfrey,JR,DB,,2016
Chase Hansen,SO,DB,,2016
Chase Hansen,SO,DB,,2016
Dominique Hatfield,SR,DB,,2016
Boobie Hobbs,JR,DB,,2016
Casey Hughes,SO,DB,,2016
Reginald Porter,SR,DB,,2016
Justin Thomas,SR,DB,,2016
Jason Thompson,SR,DB,,2016
Marcus Williams,JR,DB,,2016
Mitch Wishnowsky,SO,P,,2016
Bradlee Anae,FR,DE,,2016
Hayden Clegg,SR,DE,,2016
Hunter Dimick,SR,DE,,2016
Chase Dominguez,SR,LS,,2016
Kylie Fitts,SR,DE,,2016
Leki Fotu,FR,DT,,2016
Chris Hart,FR,DE,,2016
Alani Havili-Katoa,SO,DT,,2016
Lowell Lotulelei,JR,DT,,2016
Filipo Mokofisi,JR,DT,,2016
Pasoni Tasini,SR,DT,,2016
Pita Taumoepenu,SR,DE,,2016
Tyler Huntley,SO,QB,"199 Cmp, 312 Att, 2411 Yds, 15 TD",2017
Troy Williams,SR,QB,"60 Cmp, 110 Att, 812 Yds, 2 TD",2017
Cooper Bateman,SR,QB,,2017
Drew Lisk,FR,QB,,2017
Jason Money,FR,QB,,2017
Jason Shelley,FR,QB,,2017
Zack Moss,SO,RB,"214 Att, 1173 Yds, 5.5 Avg",2017
Devonta'e Henry-Cole,SO,RB,"55 Att, 279 Yds, 5.1 Avg",2017
Jordan Howard,SR,RB,"11 Att, 41 Yds, 3.7 Avg",2017
Troy McCormick,SR,RB,"25 Rec, 183 Yds, 7.3 Avg",2017
Mason Woodward,SO,RB,,2017
TJ Green,FR,RB,,2017
Matty Matautia,FR,RB,,2017
Armand Shyne,JR,RB,,2017
Demari Simpkins,SO,WR,"29 Rec, 354 Yds, 12.2 Avg",2017
Darren Carrington,SR,WR,"70 Rec, 980 Yds, 14.0 Avg",2017
Kyle Fulks,SR,WR,"3 Rec, 31 Yds, 10.3 Avg",2017
Samson Nacua,FR,WR,"29 Rec, 294 Yds, 10.1 Avg",2017
Raelon Singleton,JR,WR,"36 Rec, 531 Yds, 14.8 Avg",2017
Siaosi Wilson,SO,WR,"20 Rec, 393 Yds, 19.7 Avg",2017
Bryan Thompson,FR,WR,"5 Rec, 77 Yds, 15.4 Avg",2017
Jameson Field,SR,WR,"2 Rec, 12 Yds, 6.0 Avg",2017
Tyquez Hampton,FR,WR,,2017
Dakota Baker,FR,WR,,2017
Bronson Boyd,FR,WR,,2017
Alec Dana,JR,WR,,2017
Jaylen Dixon,FR,WR,,2017
Riley Richmond,SO,WR,,2017
Austin Turley,FR,WR,,2017
Derrick Vickers,JR,WR,,2017
Siale Fakailoatonga,SR,TE,"3 Rec, 67 Yds, 22.3 Avg",2017
Harrison Handley,SR,TE,"3 Rec, 16 Yds, 5.3 Avg",2017
Jake Jackson,SO,TE,"3 Rec, 46 Yds, 15.3 Avg",2017
Tyler Bell,SR,TE,,2017
Bapa Falemaka,FR,TE,,2017
Zach Hansen,FR,TE,,2017
Chad Hekking,FR,TE,,2017
Savon Moniz,SO,TE,,2017
Darrin Paulo,SO,OL,,2017
Lo Falemaka,SR,OL,,2017
Alani Havili-Katoa,JR,OL,,2017
Jordan Agasiva,JR,OL,,2017
Aaron Amaama,JR,OL,,2017
London Bartholomew,SO,OL,,2017
Jackson Barton,JR,OL,,2017
Johnny Capra,SO,OL,,2017
Nick Carman,SO,OL,,2017
Keven Dixon,SO,OL,,2017
Nick Ford,FR,OL,,2017
Jake Grant,FR,OL,,2017
Daniel Heller,SO,OL,,2017
Kyle Lanterman,SO,OL,,2017
Shintaro Mann,FR,OL,,2017
Scott Peck,FR,OL,,2017
Michael Richardson,FR,OL,,2017
Tucker Scott,FR,OL,,2017
Paul Toala,SO,OL,,2017
Salesi Uhatafe,SR,OL,,2017
Orlando Umana,FR,OL,,2017
Mo Unutoa,FR,OL,,2017
Stratten Wagner,FR,OL,,2017
Matt Gay,SR,K,,2017
Hayes Hicken,SO,K,,2017
Sunia Tauteoli,SR,LB,,2017
Cody Barton,JR,LB,,2017
Trevor Horlacher,FR,LB,,2017
Karsen Liljenquist,JR,LB,,2017
Kavika Luafatasaga,SR,LB,,2017
Ali'i Niumatalolo,FR,LB,,2017
Donavan Thompson,SO,LB,,2017
Zach Boesen,FR,LB,,2017
Peter Brown,SO,LB,,2017
Christian Drews,SR,LB,,2017
Connor Haller,FR,LB,,2017
Devin Lloyd,FR,LB,,2017
Adan Mao,FR,LB,,2017
Marcus Sanders-Williams,SR,LB,,2017
Albert Tai,FR,LB,,2017
Tielu Tiatia,FR,LB,,2017
Alex Whittingham,SR,LB,,2017
Philip Afia,SO,DB,,2017
Corrion Ballard,JR,DB,,2017
Julian Blackmon,SO,DB,,2017
Marquise Blair,JR,DB,,2017
Terrell Burgess,SO,DB,,2017
Javelin Guidry,FR,DB,,2017
Javelin Guidry,FR,DB,,2017
Chase Hansen,JR,DB,,2017
Chase Hansen,JR,DB,,2017
Boobie Hobbs,SR,DB,,2017
Casey Hughes,JR,DB,,2017
Jaylon Johnson,FR,DB,,2017
Kenric Young,SR,DB,,2017
Stone Azarcon,FR,DB,,2017
Dakota Hansen,FR,DB,,2017
Shawn Hansen,JR,DB,,2017
Batchlor Johnson,SO,DB,,2017
Nygel King,FR,DB,,2017
Tareke Lewis,JR,DB,,2017
Josh Nurse,SO,DB,,2017
Jordon Orozco,FR,DB,,2017
Riley Phillips,FR,DB,,2017
Dylan Slavens,FR,DB,,2017
Tyrone Smith,JR,DB,,2017
Tre Strong,JR,DB,,2017
Adam Webber,FR,DB,,2017
Mitch Wishnowsky,JR,P,,2017
Cody Ippolito,SR,FB,,2017
Bradlee Anae,SO,DE,,2017
Kylie Fitts,SR,DE,,2017
Leki Fotu,SO,DT,,2017
Davir Hamilton,FR,DE,,2017
Chris Hart,SO,DE,,2017
Nick Heninger,FR,DE,,2017
Chayden Johnston,FR,PK,,2017
Lowell Lotulelei,SR,DT,,2017
Filipo Mokofisi,SR,DT,,2017
John Penisini,SO,DT,,2017
Hauati Pututau,FR,DT,,2017
Caleb Repp,SO,DE,,2017
Pita Tonga,FR,DT,,2017
Maxs Tupai,FR,DE,,2017
John Aloma,SO,LS,,2017
Cristian Antezana,JR,PK,,2017
Scott Foley,FR,DT,,2017
Malik Haynes,SO,DT,,2017
Mark Kruger,FR,DT,,2017
Shawn Leakehe,FR,DE,,2017
Noah Rodriguez-Trammell,FR,LS,,2017
Mika Tafua,FR,DE,,2017
Tyler Huntley,JR,QB,"150 Cmp, 234 Att, 1788 Yds, 12 TD",2018
Jason Shelley,FR,QB,"98 Cmp, 168 Att, 1162 Yds, 5 TD",2018
Drew Lisk,SO,QB,,2018
Jackson Siddoway,FR,QB,,2018
Jack Tuttle,FR,QB,,2018
Zack Moss,JR,RB,"179 Att, 1096 Yds, 6.1 Avg",2018
Armand Shyne,JR,RB,"120 Att, 512 Yds, 4.3 Avg",2018
TJ Green,FR,RB,"36 Att, 190 Yds, 5.3 Avg",2018
Devin Brumfield,FR,RB,"14 Att, 42 Yds, 3.0 Avg",2018
Joey Wood,JR,RB,"3 Att, 3 Yds, 1.0 Avg",2018
Mason Woodward,JR,RB,"2 Att, 6 Yds, 3.0 Avg",2018
Devonta'e Henry-Cole,JR,RB,,2018
Branden Rankins,FR,RB,,2018
Edward Vander,JR,RB,,2018
Britain Covey,SO,WR,"60 Rec, 637 Yds, 10.6 Avg",2018
Demari Simpkins,JR,WR,"26 Rec, 297 Yds, 11.4 Avg",2018
Jaylen Dixon,FR,WR,"32 Rec, 589 Yds, 18.4 Avg",2018
Siaosi Mariner,JR,WR,"17 Rec, 209 Yds, 12.3 Avg",2018
Samson Nacua,SO,WR,"31 Rec, 362 Yds, 11.7 Avg",2018
Solomon Enis,FR,WR,"13 Rec, 179 Yds, 13.8 Avg",2018
Jameson Field,SR,WR,"3 Rec, 23 Yds, 7.7 Avg",2018
Bronson Boyd,FR,WR,"2 Rec, 40 Yds, 20.0 Avg",2018
Bryan Thompson,SO,WR,"1 Rec, 31 Yds, 31.0 Avg",2018
Derrick Vickers,SR,WR,,2018
Batchlor Johnson,SO,WR,,2018
Yioti Karahalios,FR,WR,,2018
Terrell Perriman,FR,WR,,2018
Dylan Slavens,FR,WR,,2018
Dominique Thompson,FR,WR,,2018
Brant Kuithe,FR,TE,"20 Rec, 227 Yds, 11.4 Avg",2018
Cole Fotheringham,FR,TE,"17 Rec, 190 Yds, 11.2 Avg",2018
Jake Jackson,JR,TE,"9 Rec, 74 Yds, 8.2 Avg",2018
Connor Haller,SO,TE,"2 Rec, 12 Yds, 6.0 Avg",2018
Bapa Falemaka,SO,TE,,2018
Zach Hansen,FR,TE,,2018
Thomas Yassmin,FR,TE,,2018
Jackson Barton,SR,OL,,2018
Nick Ford,FR,OL,,2018
Orlando Umana,SO,OL,,2018
Jordan Agasiva,SR,OL,,2018
London Bartholomew,SO,OL,,2018
Johnny Capra,JR,OL,,2018
Braedon E. Daniels,FR,OL,,2018
Keven Dixon,JR,OL,,2018
Lo Falemaka,SR,OL,,2018
Jake Grant,SO,OL,,2018
Alani Havili-Katoa,SR,OL,,2018
Kyle Lanterman,JR,OL,,2018
Simi Moala,FR,OL,,2018
Darrin Paulo,JR,OL,,2018
Ryan To'a,FR,OL,,2018
Paul Toala,JR,OL,,2018
Mo Unutoa,FR,OL,,2018
Stratten Wagner,SO,OL,,2018
Fua Pututau,FR,DL,,2018
Cody Barton,SR,LB,,2018
Francis Bernard,JR,LB,,2018
Chase Hansen,SR,LB,,2018
Chase Hansen,SR,LB,,2018
Devin Lloyd,FR,LB,,2018
Donavan Thompson,JR,LB,,2018
Moroni Anae,SO,LB,,2018
Chris Hart,JR,LB,,2018
Sione Lund,FR,LB,,2018
Andrew Mata'afa,FR,LB,,2018
Bryant Pirtle,JR,LB,,2018
Philip Afia,JR,DB,,2018
Corrion Ballard,SR,DB,,2018
Julian Blackmon,JR,DB,,2018
Marquise Blair,SR,DB,,2018
Terrell Burgess,JR,DB,,2018
Vonte Davis,SO,DB,,2018
Javelin Guidry,SO,DB,,2018
Javelin Guidry,SO,DB,,2018
R.J. Hubert,FR,DB,,2018
Jaylon Johnson,SO,DB,,2018
Nygel King,SO,DB,,2018
Tareke Lewis,JR,DB,,2018
Josh Nurse,JR,DB,,2018
Tyrone Smith,JR,DB,,2018
Tre Strong,JR,DB,,2018
Anthony Armstrong,SR,DB,,2018
Stone Azarcon,FR,DB,,2018
Quinn Fabrizio,FR,DB,,2018
Malone Mataele,FR,DB,,2018
Alassane Niang,JR,DB,,2018
Trey O'Guinn,FR,DB,,2018
Keala Santiago,JR,DB,,2018
Jonoven Smith,FR,DB,,2018
Mitch Wishnowsky,SR,P,,2018
Bradlee Anae,JR,DE,,2018
Jackson Cravens,FR,DT,,2018
Leki Fotu,JR,DT,,2018
Matt Gay,SR,PK,,2018
Maddie Golden,FR,LS,,2018
Nick Heninger,SO,DE,,2018
Blake Kuithe,FR,DE,,2018
John Penisini,JR,DT,,2018
Hauati Pututau,SO,DT,,2018
Caleb Repp,JR,DE,,2018
Mika Tafua,FR,DE,,2018
Pita Tonga,SO,DT,,2018
Maxs Tupai,SO,DE,,2018
Aaron Amaama,SR,DT,,2018
Samu Elisaia,SO,DE,,2018
Tyler Gonzalez,FR,DE,,2018
Davir Hamilton,SO,DE,,2018
Malik Haynes,JR,DE,,2018
Chayden Johnston,SO,PK,,2018
Rex Jordan,JR,DE,,2018
Paul Maile,FR,DT,,2018
Keegan Markgraf,JR,LS,,2018
Jaxson McBride,FR,DE,,2018
Viane Moala,JR,DT,,2018
Ali'i Niumatalolo,SO,FB,,2018
Preston Pitt,FR,PK,,2018
Noah Rodriguez-Trammell,SO,LS,,2018
Tyler Huntley,SR,QB,"220 Cmp, 301 Att, 3092 Yds, 19 TD",2019
Jason Shelley,SO,QB,"6 Cmp, 11 Att, 43 Yds, 1 TD",2019
Drew Lisk,JR,QB,"7 Cmp, 9 Att, 52 Yds, 0 TD",2019
Blake Archuleta,FR,QB,,2019
Zach Hymas,SO,QB,,2019
Cameron Rising,SO,QB,,2019
Carter Robinson,FR,QB,,2019
Zack Moss,SR,RB,"235 Att, 1416 Yds, 6.0 Avg",2019
Devin Brumfield,SO,RB,"59 Att, 263 Yds, 4.5 Avg",2019
Jordan Wilmore,FR,RB,"49 Att, 194 Yds, 4.0 Avg",2019
Devonta'e Henry-Cole,JR,RB,"34 Att, 188 Yds, 5.5 Avg",2019
TJ Green,SO,RB,"23 Att, 68 Yds, 3.0 Avg",2019
Micah Bernard,FR,RB,,2019
Faysal Aden,FR,RB,,2019
Charlie Vincent,FR,RB,,2019
Mason Woodward,JR,RB,,2019
Derrick Vickers,SR,WR,"19 Rec, 202 Yds, 10.6 Avg",2019
Jaylen Dixon,SO,WR,"24 Rec, 343 Yds, 14.3 Avg",2019
Demari Simpkins,SR,WR,"32 Rec, 352 Yds, 11.0 Avg",2019
Britain Covey,JR,WR,"10 Rec, 77 Yds, 7.7 Avg",2019
Solomon Enis,SO,WR,"14 Rec, 158 Yds, 11.3 Avg",2019
Terrell Perriman,FR,WR,"2 Rec, 9 Yds, 4.5 Avg",2019
Samson Nacua,JR,WR,"18 Rec, 330 Yds, 18.3 Avg",2019
Bryan Thompson,SO,WR,"18 Rec, 461 Yds, 25.6 Avg",2019
Donte Banton,FR,WR,"1 Rec, 10 Yds, 10.0 Avg",2019
Devaughn Vele,FR,WR,,2019
Robbie Colenzo,FR,WR,,2019
Cameron Gardner,FR,WR,,2019
Patton Germann,FR,WR,,2019
Jason Heller,FR,WR,,2019
Sebastian Macaluso,FR,WR,,2019
Kyrese Rowan,FR,WR,,2019
Dylan Slavens,SO,WR,,2019
Tyrone Smith,SR,WR,,2019
Dominique Thompson,FR,WR,,2019
Brant Kuithe,SO,TE,"34 Rec, 602 Yds, 17.7 Avg",2019
Cole Fotheringham,SO,TE,"16 Rec, 156 Yds, 9.8 Avg",2019
Hunter Thedford,SR,TE,"2 Rec, 12 Yds, 6.0 Avg",2019
Ali'i Niumatalolo,JR,TE,"1 Rec, 10 Yds, 10.0 Avg",2019
Thomas Yassmin,FR,TE,,2019
Bapa Falemaka,JR,TE,,2019
Soa Rosales,FR,TE,,2019
Paul Maile,FR,OL,,2019
Simi Moala,FR,OL,,2019
Orlando Umana,JR,OL,,2019
London Bartholomew,JR,OL,,2019
Keaton Bills,FR,OL,,2019
Braedon E. Daniels,FR,OL,,2019
Luke Felix-Fualalo,FR,OL,,2019
Nick Ford,SO,OL,,2019
Kyle Lanterman,SR,OL,,2019
Sataoa Laumea,FR,OL,,2019
Alex Locklear,SR,OL,,2019
Johnny Maea,FR,OL,,2019
Bamidele Olaseni,JR,OL,,2019
Noah Osur-Myers,SR,OL,,2019
Darrin Paulo,SR,OL,,2019
Noah Reneau-Myers,SR,OL,,2019
Marist Talavou,FR,OL,,2019
Paul Toala,SR,OL,,2019
Stratten Wagner,JR,OL,,2019
Andrew Strauch,SR,K,,2019
Alex Saunders,FR,K,,2019
Falcon Kaumatule,FR,DL,,2019
Semisi Lauaki,FR,DL,,2019
Steven Moea'i,FR,DL,,2019
Francis Bernard,SR,LB,,2019
Francis Bernard,SR,LB,,2019
Trennan Carlson,JR,LB,,2019
Hayden Furey,FR,LB,,2019
Devin Lloyd,SO,LB,,2019
Sione Lund,SO,LB,,2019
Andrew Mata'afa,FR,LB,,2019
Moroni Anae,JR,LB,,2019
Manny Bowen,SR,LB,,2019
Samu Elisaia,JR,LB,,2019
Quinn Fabrizio,FR,LB,,2019
Carson Stokes,FR,LB,,2019
Iverson Taase,FR,LB,,2019
Taimi Taimi,FR,LB,,2019
Carson Wheaton,FR,LB,,2019
Julian Blackmon,SR,DB,,2019
Bronson Boyd,SO,DB,,2019
Jatravis Broughton,FR,DB,,2019
Terrell Burgess,SR,DB,,2019
Jayden Clemons,FR,DB,,2019
Vonte Davis,JR,DB,,2019
Javelin Guidry,JR,DB,,2019
Javelin Guidry,JR,DB,,2019
R.J. Hubert,SO,DB,,2019
Jaylon Johnson,JR,DB,,2019
Tareke Lewis,SR,DB,,2019
Malone Mataele,FR,DB,,2019
Josh Nurse,SR,DB,,2019
Keala Santiago,JR,DB,,2019
Nephi Sewell,JR,DB,,2019
Jordan Anderson,FR,DB,,2019
Stone Azarcon,SO,DB,,2019
Maxwell Cotton,FR,DB,,2019
Nygel King,JR,DB,,2019
Aaron Lowe,FR,DB,,2019
Kaleb Lundquist,FR,DB,,2019
JaTravis McCloud,FR,DB,,2019
Trey O'Guinn,SO,DB,,2019
LaCarea Pleasant-Johnson,FR,DB,,2019
Drew Rawls,FR,DB,,2019
Alphonso Taylor,FR,DB,,2019
Ben Lennon,FR,P,,2019
Jared March,FR,P,,2019
Bradlee Anae,SR,DE,,2019
Leki Fotu,SR,DT,,2019
Malik Haynes,SR,DE,,2019
Keegan Markgraf,JR,LS,,2019
Viane Moala,JR,DT,,2019
John Penisini,SR,DT,,2019
Fua Pututau,FR,DE,,2019
Hauati Pututau,JR,DE,,2019
Jadon Redding,FR,PK,,2019
Miki Suguturaga,FR,DE,,2019
Mika Tafua,SO,DE,,2019
Pita Tonga,JR,DT,,2019
Maxs Tupai,JR,DE,,2019
Scott Foley,SO,DT,,2019
Tyler Gonzalez,FR,DE,,2019
Nels Haltom,JR,UT,,2019
Mufi Hunt,JR,DT,,2019
Blake Kuithe,FR,DE,,2019
Jake Mitten,FR,DT,,2019
Eli Morrow,FR,DT,,2019
Noah Rodriguez-Trammell,SO,LS,,2019
Jake Bentley,SR,QB,"77 Cmp, 124 Att, 882 Yds, 6 TD",2020
Drew Lisk,SR,QB,"15 Cmp, 26 Att, 152 Yds, 0 TD",2020
Cameron Rising,SO,QB,"3 Cmp, 6 Att, 45 Yds, 0 TD",2020
Bryson Barnes,FR,QB,,2020
Nick Billoups,FR,QB,,2020
Cooper Justice,FR,QB,,2020
Carter Robinson,FR,QB,,2020
Ty Jordan,FR,RB,"83 Att, 597 Yds, 7.2 Avg",2020
Devin Brumfield,JR,RB,"21 Att, 85 Yds, 4.0 Avg",2020
Jordan Wilmore,SO,RB,"18 Att, 54 Yds, 3.0 Avg",2020
Micah Bernard,FR,RB,"15 Att, 76 Yds, 5.1 Avg",2020
Faysal Aden,FR,RB,,2020
TJ Green,JR,RB,,2020
Aaron Tapusoa,SR,RB,,2020
Elvis Vakapuna,FR,RB,,2020
Charlie Vincent,FR,RB,,2020
Braedon Wissler,FR,RB,,2020
Daniel Wood,FR,RB,,2020
Britain Covey,JR,WR,"19 Rec, 264 Yds, 13.9 Avg",2020
Bryan Thompson,JR,WR,"9 Rec, 187 Yds, 20.8 Avg",2020
Solomon Enis,JR,WR,"11 Rec, 108 Yds, 9.8 Avg",2020
Samson Nacua,SR,WR,"4 Rec, 29 Yds, 7.3 Avg",2020
Devaughn Vele,FR,WR,"2 Rec, 12 Yds, 6.0 Avg",2020
Cameron Gardner,SO,WR,,2020
Donte Banton,SO,WR,,2020
Robbie Colenzo,FR,WR,,2020
Maxwell Cotton,FR,WR,,2020
Jaylen Dixon,JR,WR,,2020
Pierre Moudourou,JR,WR,,2020
Connor O'Toole,FR,WR,,2020
Money Parks,FR,WR,,2020
Kyrese Rowan,FR,WR,,2020
Dylan Slavens,JR,WR,,2020
Tyrone Smith,SR,WR,,2020
Dominique Thompson,SO,WR,,2020
Brant Kuithe,JR,TE,"17 Rec, 160 Yds, 9.4 Avg",2020
Cole Fotheringham,JR,TE,"4 Rec, 52 Yds, 13.0 Avg",2020
Dalton Kincaid,JR,TE,"1 Rec, 14 Yds, 14.0 Avg",2020
Branden Anderson,FR,TE,,2020
Mufi Hunt,SR,TE,,2020
Joe Ludwig,JR,TE,,2020
Ali'i Niumatalolo,SR,TE,,2020
Soa Rosales,FR,TE,,2020
Thomas Yassmin,SO,TE,,2020
Braedon E. Daniels,SO,OL,,2020
London Bartholomew,SR,OL,,2020
Keaton Bills,FR,OL,,2020
Luke Felix-Fualalo,FR,OL,,2020
Nick Ford,JR,OL,,2020
Jaxon Garcia,FR,OL,,2020
Alex Harrison,FR,OL,,2020
Falcon Kaumatule,FR,OL,,2020
Jaren Kump,FR,OL,,2020
Sataoa Laumea,FR,OL,,2020
Hunter Lotulelei,FR,OL,,2020
Johnny Maea,SO,OL,,2020
Paul Maile,SO,OL,,2020
Shintaro Mann,FR,OL,,2020
Simi Moala,SO,OL,,2020
Bamidele Olaseni,SR,OL,,2020
Marist Talavou,FR,OL,,2020
Orlando Umana,SR,OL,,2020
Jordan Noyles,FR,K,,2020
Skyler Southam,JR,K,,2020
Tanner Cragun,FR,K,,2020
Tennessee Pututau,FR,DL,,2020
Semisi Lauaki,FR,DL,,2020
Moroni Anae,JR,LB,,2020
Sione Fotu,FR,LB,,2020
Hayden Furey,SO,LB,,2020
Devin Lloyd,JR,LB,,2020
Andrew Mata'afa,SO,LB,,2020
Nephi Sewell,JR,LB,,2020
Rob Bonar,FR,LB,,2020
Samu Elisaia,SR,LB,,2020
Graham Faloona,FR,LB,,2020
Baron Gajkowski,SR,LB,,2020
Jeremy Mercier,FR,LB,,2020
Taniela Pututau,FR,LB,,2020
Sione Tuha,FR,LB,,2020
Chris Wilson,FR,LB,,2020
Stone Azarcon,JR,DB,,2020
Alphonso Taylor,SO,DB,,2020
Ben Lennon,SO,P,,2020
Jared March,FR,P,,2020
Blake Kuithe,SO,DE,,2020
Jatravis Broughton,SO,CB,,2020
Xavier Carlton,FR,DE,,2020
Vonte Davis,SR,S,,2020
Van Fillinger,FR,DE,,2020
Devin Kaufusi,JR,DE,,2020
Kamo'i Latu,FR,S,,2020
Faybian Marks,FR,CB,,2020
Malone Mataele,SO,CB,,2020
Viane Moala,SR,DT,,2020
Clark Phillips III,FR,CB,,2020
Hauati Pututau,SR,DE,,2020
Drew Rawls,FR,CB,,2020
Jadon Redding,SO,PK,,2020
Ben Renfro,FR,S,,2020
Nate Ritchie,FR,S,,2020
Caine Savage,FR,CB,,2020
Mika Tafua,JR,DE,,2020
Maxs Tupai,SR,DE,,2020
Zemaiah Vaughn,FR,S,,2020
Jake Biggs,FR,S,,2020
Bronson Boyd,JR,CB,,2020
Tyler Gleed,FR,DE,,2020
Tyler Gonzalez,SO,DE,,2020
Marques Hamilton,FR,CB,,2020
Dakota Hansen,JR,S,,2020
R.J. Hubert,JR,S,,2020
Kenzel Lawler,FR,CB,,2020
Aaron Lowe,SO,CB,,2020
Keegan Markgraf,SR,LS,,2020
Max Miner,FR,DE,,2020
Eli Morrow,SO,DT,,2020
Ben Myles-Mills,FR,CB,,2020
Gavin Nawahine,FR,DE,,2020
LaCarea Pleasant-Johnson,FR,CB,,2020
Fua Pututau,SO,DE,,2020
Noah Rodriguez-Trammell,JR,LS,,2020
Miki Suguturaga,FR,DE,,2020
Junior Tafuna,FR,DE,,2020
Tanoa Togiai,FR,DT,,2020
Pita Tonga,SR,DT,,2020
Aliki Vimahi,FR,DT,,2020
Tyler Wegis,FR,DE,,2020
Cameron Rising,SO,QB,"204 Cmp, 320 Att, 2493 Yds, 20 TD",2021
Charlie Brewer,SR,QB,"48 Cmp, 79 Att, 484 Yds, 3 TD",2021
Bryson Barnes,FR,QB,"2 Cmp, 2 Att, 23 Yds, 1 TD",2021
Ja'Quinden Jackson,FR,QB,,2021
Peter Costelli,FR,QB,,2021
Tavion Thomas,SO,RB,"204 Att, 1108 Yds, 5.4 Avg",2021
T.J. Pledger,JR,RB,"104 Att, 694 Yds, 6.7 Avg",2021
Micah Bernard,FR,RB,"87 Att, 523 Yds, 6.0 Avg",2021
Chris Curry,SO,RB,"14 Att, 55 Yds, 3.9 Avg",2021
Faysal Aden,FR,RB,,2021
Ricky Parks,FR,RB,,2021
Elvis Vakapuna,FR,RB,,2021
Charlie Vincent,FR,RB,,2021
Braedon Wissler,FR,RB,,2021
Britain Covey,JR,WR,"52 Rec, 514 Yds, 9.9 Avg",2021
Jaylen Dixon,JR,WR,"5 Rec, 76 Yds, 15.2 Avg",2021
Devaughn Vele,FR,WR,"23 Rec, 389 Yds, 16.9 Avg",2021
Solomon Enis,JR,WR,"22 Rec, 248 Yds, 11.3 Avg",2021
Theo Howard,SR,WR,"10 Rec, 140 Yds, 14.0 Avg",2021
Connor O'Toole,FR,WR,"1 Rec, 5 Yds, 5.0 Avg",2021
Money Parks,FR,WR,"1 Rec, 12 Yds, 12.0 Avg",2021
Bryson Reeves,FR,WR,,2021
Kyrese Rowan,FR,WR,,2021
Zach Vaughn,FR,WR,,2021
Noah Bennee,FR,WR,,2021
Makai Cope,FR,WR,,2021
Maxwell Cotton,FR,WR,,2021
Masaki Kudo,FR,WR,,2021
Munir McClain,SO,WR,,2021
Pierre Moudourou,JR,WR,,2021
Dawson Tanner,FR,WR,,2021
Dominique Thompson,SO,WR,,2021
Brant Kuithe,JR,TE,"50 Rec, 611 Yds, 12.2 Avg",2021
Dalton Kincaid,JR,TE,"36 Rec, 510 Yds, 14.2 Avg",2021
Thomas Yassmin,SO,TE,"1 Rec, 6 Yds, 6.0 Avg",2021
Cole Fotheringham,JR,TE,"15 Rec, 128 Yds, 8.5 Avg",2021
Branden Anderson,FR,TE,,2021
Hayden Erickson,FR,TE,,2021
Deven Johnson,FR,TE,,2021
Ali'i Niumatalolo,SR,TE,,2021
Taniela Pututau,FR,TE,,2021
Soa Rosales,FR,TE,,2021
Isaac Vaha,FR,TE,,2021
Sire Woods,SR,TE,,2021
Braedon E. Daniels,SO,OL,,2021
Nick Ford,JR,OL,,2021
Keaton Bills,FR,OL,,2021
Kolinu'u Faaiu,FR,OL,,2021
Luke Felix-Fualalo,FR,OL,,2021
Jaxon Garcia,FR,OL,,2021
Alex Harrison,FR,OL,,2021
Falcon Kaumatule,FR,OL,,2021
Jaren Kump,FR,OL,,2021
Sataoa Laumea,FR,OL,,2021
Hunter Lotulelei,FR,OL,,2021
Johnny Maea,SO,OL,,2021
Paul Maile,SO,OL,,2021
Shintaro Mann,FR,OL,,2021
Simi Moala,SO,OL,,2021
Michael Mokofisi,FR,OL,,2021
Bamidele Olaseni,SR,OL,,2021
Marist Talavou,FR,OL,,2021
Zereoue Williams,FR,OL,,2021
Jordan Noyles,FR,K,,2021
Jadon Redding,SO,K,,2021
Jori Benson,FR,DL,,2021
Jonah Elliss,FR,LB,,2021
Hayden Furey,SO,LB,,2021
Devin Lloyd,JR,LB,,2021
Andrew Mata'afa,SO,LB,,2021
Karene Reid,FR,LB,,2021
Trey Reynolds,FR,LB,,2021
Nephi Sewell,JR,LB,,2021
Rob Bonar,FR,LB,,2021
Dylan Brooks,FR,LB,,2021
Ethan Calvert,FR,LB,,2021
Josh Calvert,FR,LB,,2021
Carson Danner,FR,LB,,2021
Lolani Langi,FR,LB,,2021
Jeremy Mercier,JR,LB,,2021
Mason Tufaga,FR,LB,,2021
Sione Tuha,FR,LB,,2021
Michael Williams,SO,P,,2021
Cameron Peasley,FR,P,,2021
Cole Bishop,FR,S,,2021
Jatravis Broughton,SO,CB,,2021
Xavier Carlton,FR,DE,,2021
Vonte Davis,SR,S,,2021
Van Fillinger,FR,DE,,2021
Devin Kaufusi,JR,DT,,2021
Kamo'i Latu,FR,S,,2021
Aaron Lowe,SO,CB,,2021
Faybian Marks,FR,CB,,2021
Malone Mataele,SO,CB,,2021
Brandon McKinney,SR,S,,2021
Viane Moala,SR,DT,,2021
Clark Phillips III,FR,CB,,2021
LaCarea Pleasant-Johnson,FR,CB,,2021
Fua Pututau,SO,DT,,2021
Hauati Pututau,SR,DT,,2021
Tennessee Pututau,FR,DT,,2021
Caine Savage,FR,CB,,2021
Miki Suguturaga,FR,DE,,2021
Mika Tafua,JR,DE,,2021
Junior Tafuna,FR,DT,,2021
Zemaiah Vaughn,FR,S,,2021
Aliki Vimahi,FR,DT,,2021
Kennan Aiono,FR,DE,,2021
Stone Azarcon,JR,S,,2021
Jonny Fanaika,FR,DE,,2021
David Fotu,SO,DT,,2021
JT Greep,FR,LS,,2021
Nick Howe,FR,CB,,2021
R.J. Hubert,JR,S,,2021
Taka Lautaha,FR,DT,,2021
Kenzel Lawler,FR,CB,,2021
Elisha Lloyd,FR,CB,,2021
Joe Ludwig,JR,FB,,2021
Keegan Markgraf,SR,LS,,2021
Jordan McMillan,SO,S,,2021
Shuhei Mitsumoto,FR,DE,,2021
Gavin Nawahine,FR,DE,,2021
Tevita Pahulu,FR,DT,,2021
Simote Pepa,FR,DT,,2021
Drew Rawls,FR,CB,,2021
Ben Renfro,FR,S,,2021
Elijah Shelton,SO,DE,,2021
Tyrone Smith,SR,S,,2021
Darrien Stewart,FR,S,,2021
Tanoa Togiai,FR,DT,,2021
Tyler Wegis,FR,DE,,2021
Cameron Rising,SR,QB,"249 Cmp, 385 Att, 3034 Yds, 26 TD",2022
Bryson Barnes,JR,QB,"37 Cmp, 57 Att, 430 Yds, 4 TD",2022
Nate Johnson,SO,QB,"1 Cmp, 1 Att, 16 Yds, 1 TD",2022
Luke Bottari,SR,QB,,2022
Brandon Rose,SO,QB,,2022
Tavion Thomas,SR,RB,"142 Att, 687 Yds, 4.8 Avg",2022
Micah Bernard,JR,RB,"106 Att, 533 Yds, 5.0 Avg",2022
Jaylon Glover,SO,RB,"78 Att, 360 Yds, 4.6 Avg",2022
Ja'Quinden Jackson,SO,RB,"78 Att, 531 Yds, 6.8 Avg",2022
Charlie Vincent,JR,RB,"17 Att, 60 Yds, 3.5 Avg",2022
Chris Curry,SR,RB,"12 Att, 81 Yds, 6.8 Avg",2022
Faysal Aden,JR,RB,,2022
Jonathan Johnson,SO,RB,,2022
Ricky Parks,SO,RB,,2022
Elvis Vakapuna,JR,RB,,2022
Devaughn Vele,JR,WR,"55 Rec, 695 Yds, 12.6 Avg",2022
Jaylen Dixon,SR,WR,"33 Rec, 344 Yds, 10.4 Avg",2022
Money Parks,JR,WR,"26 Rec, 414 Yds, 15.9 Avg",2022
Tiquan Gilmore,SR,WR,,2022
Solomon Enis,SR,WR,"12 Rec, 101 Yds, 8.4 Avg",2022
Makai Cope,SO,WR,"7 Rec, 75 Yds, 10.7 Avg",2022
Luca Caldarella,JR,WR,,2022
Tao Johnson,SO,WR,,2022
Sidney Mbanasor,SO,WR,,2022
Chris Reed,SO,WR,,2022
Noah Bennee,SO,WR,,2022
Collin Edwards,SO,WR,,2022
Masaki Kudo,SO,WR,,2022
Jett Meine,SO,WR,,2022
Pierre Moudourou,SR,WR,,2022
Dalton Kincaid,SR,TE,"70 Rec, 890 Yds, 12.7 Avg",2022
Brant Kuithe,SR,TE,"19 Rec, 206 Yds, 10.8 Avg",2022
Thomas Yassmin,SR,TE,"13 Rec, 301 Yds, 23.2 Avg",2022
Logan Kendall,SR,TE,"5 Rec, 43 Yds, 8.6 Avg",2022
Munir McClain,JR,TE,"2 Rec, 18 Yds, 9.0 Avg",2022
Taniela Pututau,SO,TE,"2 Rec, 17 Yds, 8.5 Avg",2022
Hayden Erickson,SO,TE,,2022
Deven Johnson,SO,TE,,2022
Landon Morris,SO,TE,,2022
Isaac Vaha,SO,TE,,2022
Keaton Bills,JR,OL,,2022
Braedon E. Daniels,SR,OL,,2022
Kolinu'u Faaiu,SO,OL,,2022
Falcon Kaumatule,JR,OL,,2022
Jaren Kump,JR,OL,,2022
Sataoa Laumea,JR,OL,,2022
Johnny Maea,SR,OL,,2022
Paul Maile,SR,OL,,2022
Michael Mokofisi,SO,OL,,2022
Tanoa Togiai,SO,OL,,2022
Zereoue Williams,SO,OL,,2022
Cody Christensen,SO,OL,,2022
Hunter Deuel,SO,OL,,2022
Ridge Harrell,FR,OL,,2022
Alex Harrison,JR,OL,,2022
Tyler Knaak,SO,OL,,2022
Hunter Lotulelei,SO,OL,,2022
Shintaro Mann,SO,OL,,2022
Keith Olson,SO,OL,,2022
Ben Norton,SR,K,,2022
Jordan Noyes,JR,K,,2022
Jadon Redding,SR,K,,2022
Joey Cheek,SO,K,,2022
Lander Barton,SO,LB,,2022
Ethan Calvert,SO,LB,,2022
Josh Calvert,JR,LB,,2022
Mohamoud Diabate,SR,LB,,2022
Hayden Furey,SR,LB,,2022
Lolani Langi,SO,LB,,2022
Andrew Mata'afa,SR,LB,,2022
Justin Medlock,SO,LB,,2022
Karene Reid,JR,LB,,2022
Mason Tufaga,SO,LB,,2022
Jack Bouwmeester,FR,P,,2022
Michael Williams,SR,P,,2022
Stone Azarcon,SR,S,,2022
Cole Bishop,JR,S,,2022
Jatravis Broughton,SR,CB,,2022
Elijah Davis,SO,CB,,2022
Jonah Elliss,JR,DE,,2022
Van Fillinger,JR,DE,,2022
JT Greep,JR,LS,,2022
R.J. Hubert,SR,S,,2022
Clayton Isbell,SR,S,,2022
Devin Kaufusi,SR,DT,,2022
Chase Kennedy,SO,DE,,2022
Kenzel Lawler,SO,CB,,2022
Jocelyn Malaska,SO,CB,,2022
Faybian Marks,JR,CB,,2022
Malone Mataele,SR,CB,,2022
Connor O'Toole,JR,DE,,2022
Jadon Pearson,JR,S,,2022
Simote Pepa,SO,DT,,2022
Clark Phillips III,JR,CB,,2022
Fua Pututau,SR,DT,,2022
Tennessee Pututau,JR,DT,,2022
Bryson Reeves,JR,S,,2022
Gabe Reid,SR,DE,,2022
Caine Savage,JR,CB,,2022
Darrien Stewart,SO,S,,2022
Miki Suguturaga,JR,DE,,2022
Junior Tafuna,JR,DT,,2022
Keanu Tanuvasa,SO,DT,,2022
Sione Vaki,SO,S,,2022
Zemaiah Vaughn,JR,CB,,2022
Aliki Vimahi,JR,DT,,2022
Tyler Wegis,SO,DE,,2022
Ka'eo Akana,SO,DE,,2022
Logan Castor,SO,LS,,2022
David Fotu,JR,DT,,2022
Nick Howe,SO,CB,,2022
James LeBaron,SO,DE,,2022
Elisha Lloyd,SO,CB,,2022
Shuhei Mitsumoto,SO,DE,,2022
Gavin Nawahine,SO,DE,,2022
Brock Nowatzke,SO,S,,2022
Helaman Ofengahue,SO,DE,,2022
Malae Tanuvasa,SO,S,,2022
Bryson Barnes,JR,QB,"142 Cmp, 242 Att, 1572 Yds, 12 TD",2023
Nate Johnson,FR,QB,"39 Cmp, 72 Att, 499 Yds, 3 TD",2023
Luke Bottari,SR,QB,"7 Cmp, 11 Att, 79 Yds, 0 TD",2023
Mack Howard,FR,QB,,2023
Cameron Rising,SR,QB,,2023
Brandon Rose,FR,QB,,2023
Steve Smedley,FR,QB,,2023
Ja'Quinden Jackson,SO,RB,"161 Att, 797 Yds, 5.0 Avg",2023
Jaylon Glover,SO,RB,"137 Att, 562 Yds, 4.1 Avg",2023
Micah Bernard,JR,RB,"16 Att, 76 Yds, 4.8 Avg",2023
Charlie Vincent,JR,RB,"9 Att, 48 Yds, 5.3 Avg",2023
Chris Curry,SR,RB,"8 Att, 28 Yds, 3.5 Avg",2023
Dijon Stanley,FR,RB,"6 Att, 1 Yds, 0.2 Avg",2023
Daniel Wood,FR,RB,"5 Att, 18 Yds, 3.6 Avg",2023
John Randle Jr.,FR,RB,"2 Att, 3 Yds, 1.5 Avg",2023
Mike Mitchell,FR,RB,,2023
Hunter Schroeder,FR,RB,,2023
Devaughn Vele,JR,WR,"43 Rec, 593 Yds, 13.8 Avg",2023
Money Parks,JR,WR,"31 Rec, 293 Yds, 9.5 Avg",2023
Landen King,SO,WR,"14 Rec, 166 Yds, 11.9 Avg",2023
Mikey Matthews,FR,WR,"29 Rec, 261 Yds, 9.0 Avg",2023
Mycah Pittman,SR,WR,"3 Rec, 20 Yds, 6.7 Avg",2023
Munir McClain,JR,WR,"15 Rec, 269 Yds, 17.9 Avg",2023
Luca Caldarella,JR,WR,"3 Rec, 31 Yds, 10.3 Avg",2023
Emery Simmons,SR,WR,"1 Rec, 2 Yds, 2.0 Avg",2023
Makai Cope,SO,WR,,2023
Sidney Mbanasor,FR,WR,,2023
Kaimana Hanohano,FR,WR,,2023
Jett Meine,FR,WR,,2023
Peyton Rice,FR,WR,,2023
Josh Rose,SR,WR,,2023
Daidren Zipperer,FR,WR,,2023
Thomas Yassmin,SR,TE,"8 Rec, 89 Yds, 11.1 Avg",2023
Miki Suguturaga,JR,TE,"4 Rec, 42 Yds, 10.5 Avg",2023
Dallen Bentley,SO,TE,"1 Rec, 5 Yds, 5.0 Avg",2023
Noah Bennee,SO,TE,,2023
Cody Christensen,FR,TE,,2023
Hayden Erickson,SO,TE,,2023
CJ Jacobsen,FR,TE,,2023
Brant Kuithe,SR,TE,,2023
Luke Tucker,FR,TE,,2023
Keaton Bills,JR,OL,,2023
Kolinu'u Faaiu,SO,OL,,2023
Spencer Fano,FR,OL,,2023
Alex Harrison,JR,OL,,2023
Falcon Kaumatule,JR,OL,,2023
Jaren Kump,SO,OL,,2023
Sataoa Laumea,JR,OL,,2023
Caleb Lomu,FR,OL,,2023
Johnny Maea,SR,OL,,2023
Solatoa Moea'i,FR,OL,,2023
Michael Mokofisi,SO,OL,,2023
Tanoa Togiai,SO,OL,,2023
Roger Alderman,FR,OL,,2023
Hunter Deuel,FR,OL,,2023
Jacob Edmonds,FR,OL,,2023
Shintaro Mann,JR,OL,,2023
Keith Olson,FR,OL,,2023
Isaia Thompson,FR,OL,,2023
Zereoue Williams,SO,OL,,2023
Joey Cheek,FR,K,,2023
Cole Becker,JR,K,,2023
Chase Carter,SR,K,,2023
Tanner Cragun,FR,K,,2023
Lander Barton,SO,LB,,2023
Josh Calvert,JR,LB,,2023
Owen Chambliss,FR,LB,,2023
Levani Damuni,SR,LB,,2023
Sione Fotu,FR,LB,,2023
Hayden Furey,SR,LB,,2023
Justin Medlock,FR,LB,,2023
Karene Reid,JR,LB,,2023
Jason Siaosi,SR,LB,,2023
Spencer Clegg,FR,LB,,2023
Shay O'Kelly,FR,LB,,2023
Jack Bouwmeester,SO,P,,2023
Nathan Price,SO,P,,2023
Sione Vaki,SO,S,,2023
Ka'eo Akana,FR,DE,,2023
Briton Allen,JR,S,,2023
Miles Battle,SR,CB,,2023
Cole Bishop,JR,S,,2023
CJ Blocker,FR,CB,,2023
Jatravis Broughton,SR,CB,,2023
Elijah Davis,FR,CB,,2023
Jonah Elliss,JR,DE,,2023
Logan Fano,FR,DE,,2023
Van Fillinger,JR,DE,,2023
David Fotu,SO,DT,,2023
JT Greep,JR,LS,,2023
Johnathan Hall,FR,S,,2023
Nick Howe,SO,CB,,2023
Tao Johnson,FR,CB,,2023
Chase Kennedy,FR,DE,,2023
Kenzel Lawler,SO,CB,,2023
Jonah Lea'ea,FR,DE,,2023
Jocelyn Malaska,FR,CB,,2023
Faybian Marks,JR,CB,,2023
Gavin Nawahine,SO,DE,,2023
Connor O'Toole,JR,DE,,2023
Helaman Ofengahue,FR,DE,,2023
Jadon Pearson,JR,S,,2023
Simote Pepa,SO,DT,,2023
Nate Ritchie,FR,S,,2023
Smith Snowden,FR,CB,,2023
Darrien Stewart,SO,S,,2023
Junior Tafuna,JR,DT,,2023
Keanu Tanuvasa,FR,DT,,2023
Zemaiah Vaughn,JR,CB,,2023
Aliki Vimahi,JR,DT,,2023
Justice Brusatto,SO,LS,,2023
Logan Castor,SO,LS,,2023
Ben Durham,FR,S,,2023
Austin Keetch,FR,S,,2023
Austin LaRue,FR,DT,,2023
Taka Lautaha,FR,DT,,2023
James LeBaron,FR,DT,,2023
Brock Nowatzke,FR,S,,2023
Bobby Piland,FR,DT,,2023
Bryson Reeves,JR,S,,2023
Vili Taufatofua,SO,DE,,2023
Nifai Tonga,FR,DT,,2023
Xane Uipi,FR,CB,,2023
Isaac Wilson,FR,QB,"127 Cmp, 225 Att, 1510 Yds, 10 TD",2024
Cameron Rising,SR,QB,"34 Cmp, 66 Att, 555 Yds, 7 TD",2024
Brandon Rose,SO,QB,"19 Cmp, 36 Att, 157 Yds, 2 TD",2024
Luke Bottari,SR,QB,"19 Cmp, 30 Att, 171 Yds, 1 TD",2024
Dallen Engemann,JR,QB,,2024
Sam Huard,JR,QB,,2024
Micah Bernard,SR,RB,"197 Att, 1009 Yds, 5.1 Avg",2024
Mike Mitchell,SO,RB,"47 Att, 158 Yds, 3.4 Avg",2024
Dijon Stanley,SO,RB,"20 Att, 66 Yds, 3.3 Avg",2024
Charlie Vincent,SR,RB,"14 Att, 44 Yds, 3.1 Avg",2024
Jaylon Glover,JR,RB,"12 Att, 60 Yds, 5.0 Avg",2024
Omar Shah,FR,RB,"1 Att, 0 Yds, 0.0 Avg",2024
Laython Biddle,FR,RB,,2024
Anthony Woods,SO,RB,,2024
Damien Alford,SR,WR,,2024
Zach Williams,FR,WR,"10 Rec, 101 Yds, 10.1 Avg",2024
Money Parks,SR,WR,"21 Rec, 294 Yds, 14.0 Avg",2024
Dorian Singer,SR,WR,"53 Rec, 702 Yds, 13.2 Avg",2024
Daidren Zipperer,SO,WR,"8 Rec, 122 Yds, 15.3 Avg",2024
Mycah Pittman,SR,WR,"6 Rec, 50 Yds, 8.3 Avg",2024
Landen King,JR,WR,"3 Rec, 54 Yds, 18.0 Avg",2024
Munir McClain,SR,WR,"3 Rec, 20 Yds, 6.7 Avg",2024
Luca Caldarella,SR,WR,"2 Rec, 26 Yds, 13.0 Avg",2024
Taeshawn Lyons,FR,WR,"1 Rec, 4 Yds, 4.0 Avg",2024
Rayshawn Glover,SO,WR,,2024
Jett Meine,SO,WR,,2024
David Washington,FR,WR,,2024
Matt Clark,FR,WR,,2024
Kaimana Hanohano,SO,WR,,2024
Diezel Kamoku,FR,WR,,2024
Cameron Mitchell,FR,WR,,2024
Peyton Rice,SO,WR,,2024
Brant Kuithe,SR,TE,"35 Rec, 505 Yds, 14.4 Avg",2024
Carsen Ryan,JR,TE,"10 Rec, 113 Yds, 11.3 Avg",2024
Caleb Lohner,SR,TE,"4 Rec, 54 Yds, 13.5 Avg",2024
Dallen Bentley,JR,TE,"2 Rec, 15 Yds, 7.5 Avg",2024
Miki Suguturaga,SR,TE,"1 Rec, 3 Yds, 3.0 Avg",2024
Spencer Clegg,SO,TE,,2024
Frankie Goodson,SO,TE,,2024
CJ Jacobsen,SO,TE,,2024
Spencer Fano,SO,OL,,2024
Isaiah Garcia,FR,OL,,2024
Falcon Kaumatule,SR,OL,,2024
Jaren Kump,JR,OL,,2024
Caleb Lomu,SO,OL,,2024
Johnny Maea,SR,OL,,2024
Shintaro Mann,SR,OL,,2024
Solatoa Moea'i,SO,OL,,2024
Michael Mokofisi,JR,OL,,2024
Keith Olson,SO,OL,,2024
Tanoa Togiai,JR,OL,,2024
Zereoue Williams,JR,OL,,2024
Roger Alderman,SO,OL,,2024
Alex Harrison,SR,OL,,2024
Lukas Jackson,FR,OL,,2024
Brennan Molina,FR,OL,,2024
Reece Parmenter,FR,OL,,2024
Kamilo Raass,FR,OL,,2024
Alma Taleni,FR,OL,,2024
Cole Becker,SR,K,,2024
Trey Coleman,FR,K,,2024
Joey Cheek,SO,K,,2024
Hunter Andrews,FR,LB,,2024
Moroni Anae,JR,LB,,2024
Lander Barton,JR,LB,,2024
Josh Calvert,SR,LB,,2024
Sione Fotu,SO,LB,,2024
Johnathan Hall,SO,LB,,2024
Kana'i Lopes,FR,LB,,2024
Karene Reid,SR,LB,,2024
Trey Reynolds,SO,LB,,2024
Jaeden Bland,FR,LB,,2024
Levani Damuni,SR,LB,,2024
Grady Mareko,FR,LB,,2024
Jack Bouwmeester,JR,P,,2024
Elliot Janish,JR,P,,2024
Ka'eo Akana,SO,DE,,2024
Jackson Bennee,FR,S,,2024
CJ Blocker,SO,CB,,2024
Cameron Calhoun,FR,CB,,2024
Logan Castor,JR,LS,,2024
John Henry Daley,SO,DE,,2024
Elijah Davis,SO,CB,,2024
Kash Dillon,FR,DE,,2024
Elijah Elliss,FR,DE,,2024
Rabbit Evans,JR,S,,2024
Logan Fano,SO,DE,,2024
Van Fillinger,SR,DE,,2024
Paul Fitzgerald,SO,DE,,2024
David Fotu,JR,DT,,2024
Alaka'i Gilman,SR,S,,2024
JT Greep,SR,LS,,2024
Nick Howe,JR,CB,,2024
Kenan Johnson,SR,CB,,2024
Tao Johnson,SO,S,,2024
Jonah Lea'ea,SO,DE,,2024
Connor O'Toole,SR,DE,,2024
Simote Pepa,JR,DT,,2024
John Randle Jr.,SO,CB,,2024
Nate Ritchie,SO,S,,2024
Quimari Shemwell,FR,CB,,2024
Smith Snowden,SO,CB,,2024
Junior Tafuna,SR,DT,,2024
Keanu Tanuvasa,SO,DT,,2024
Vili Taufatofua,JR,DE,,2024
Dallas Vakalahi,FR,DT,,2024
Zemaiah Vaughn,SR,CB,,2024
Aliki Vimahi,SR,DT,,2024
Jori Benson,SO,DT,,2024
Isaiah Brown,FR,CB,,2024
Justice Brusatto,JR,DE,,2024
Alex Cloward,FR,DE,,2024
Jeilani Davis,FR,S,,2024
Ben Durham,SO,S,,2024
Sammie Hunter,FR,CB,,2024
James LeBaron,SO,DT,,2024
Helaman Ofengahue,SO,DE,,2024
Bobby Piland,SO,DT,,2024
Carter Stembridge,FR,S,,2024
Nasir Stephens,FR,CB,,2024
Mike Tauteoli,FR,DT,,2024
Money Thompson,FR,CB,,2024
Xane Uipi,SO,CB,,2024
Devon Dampier,JR,QB,"90 Cmp, 127 Att, 790 Yds, 7 TD",2025
Byrd Ficklin,FR,QB,"4 Cmp, 4 Att, 53 Yds, 0 TD",2025
Drew Cowart,FR,QB,,2025
Isaac Wilson,SO,QB,,2025
Brendan Zurbrugg,FR,QB,,2025
NaQuari Rogers,SR,RB,"46 Att, 189 Yds, 4.1 Avg",2025
Wayshawn Parker,SO,RB,"33 Att, 214 Yds, 6.5 Avg",2025
Bryce Duke,SR,RB,"7 Att, 25 Yds, 3.6 Avg",2025
Raycine Guillory,FR,RB,"1 Att, 4 Yds, 4.0 Avg",2025
Omar Shah,SO,RB,,2025
Daniel Bray,FR,RB,,2025
Frankie Goodson,JR,RB,,2025
Devin Green,SO,RB,,2025
Nate Johnson,JR,WR,,2025
Ryan Davis,SR,WR,"29 Rec, 241 Yds, 8.3 Avg",2025
Tobias Merriweather,JR,WR,"5 Rec, 88 Yds, 17.6 Avg",2025
Larry Simmons,JR,WR,"1 Rec, 8 Yds, 8.0 Avg",2025
Luca Caldarella,SR,WR,,2025
Matt Clark,FR,WR,,2025
Rayshawn Glover,JR,WR,,2025
Justin Stevenson,SO,WR,,2025
Creed Whittemore,SO,WR,,2025
Bryson Baker,FR,WR,,2025
Jackson Bolender,FR,WR,,2025
Daylin Caamano,FR,WR,,2025
Mana Carvalho,FR,WR,,2025
Junior Coughlin,FR,WR,,2025
Diezel Kamoku,FR,WR,,2025
Peyton Rice,SO,WR,,2025
Bryan Spotwood,SO,WR,,2025
Daidren Zipperer,SO,WR,,2025
Hunter Andrews,FR,TE,"10 Rec, 65 Yds, 6.5 Avg",2025
Dallen Bentley,SR,TE,"17 Rec, 187 Yds, 11.0 Avg",2025
JJ Buchanan,FR,TE,"6 Rec, 46 Yds, 7.7 Avg",2025
Otto Tia,SR,TE,"1 Rec, 6 Yds, 6.0 Avg",2025
Drew Clemens,FR,TE,,2025
Mitch Nielsen,FR,TE,,2025
Broderick Redden,FR,TE,,2025
Roger Alderman,SO,OL,,2025
Spencer Fano,JR,OL,,2025
Alex Harrison,SR,OL,,2025
Jaren Kump,SR,OL,,2025
Caleb Lomu,SO,OL,,2025
Solatoa Moea'i,JR,OL,,2025
Michael Mokofisi,SR,OL,,2025
Keith Olson,JR,OL,,2025
Reece Parmenter,SO,OL,,2025
Kalolo Ta'aga,FR,OL,,2025
Tanoa Togiai,SR,OL,,2025
Zereoue Williams,SR,OL,,2025
Isaiah Garcia,FR,OL,,2025
Nick Hallock,FR,OL,,2025
Brennan Molina,FR,OL,,2025
Kamilo Raass,FR,OL,,2025
Soren Shinofield,FR,OL,,2025
Dillon Curtis,FR,K,,2025
Joey Cheek,SO,K,,2025
Robert Petrich,SO,K,,2025
Lander Barton,SR,LB,,2025
Moroni Anae,SR,LB,,2025
Levani Damuni,SR,LB,,2025
Elijah Elliss,SO,LB,,2025
Johnathan Hall,JR,LB,,2025
Mateaki Helu,FR,LB,,2025
Kana'i Lopes,FR,LB,,2025
Cyrus Polu,FR,LB,,2025
Trey Reynolds,JR,LB,,2025
Christian Thatcher,FR,LB,,2025
Anthony Hernandez,FR,LB,,2025
Kaden Kelley,JR,LB,,2025
Grady Mareko,SO,LB,,2025
Jeremiah Caldwell,JR,DB,,2025
JC Hart,SO,DB,,2025
Jason Stokes Jr.,FR,DB,,2025
Orion Phillips,JR,P,,2025
Smith Snowden,JR,CB,,2025
Jackson Bennee,SO,S,,2025
Logan Castor,JR,LS,,2025
Blake Cotton,SR,CB,,2025
John Henry Daley,SO,DE,,2025
Elijah Davis,JR,CB,,2025
Kash Dillon,FR,DE,,2025
Rabbit Evans,SR,S,,2025
Logan Fano,JR,DE,,2025
Paul Fitzgerald,JR,DE,,2025
Brock Fonoimoana,FR,S,,2025
Manny Fuller,FR,S,,2025
Lance Holtzclaw,JR,DE,,2025
Tao Johnson,JR,S,,2025
Karson Kaufusi,FR,DT,,2025
Jonah Lea'ea,SO,DT,,2025
Jaylen Moson,FR,CB,,2025
Sione Motuapuaka,FR,DT,,2025
Nate Ritchie,JR,S,,2025
Pupu Sepulona,FR,DT,,2025
Semi Taulanga,FR,DT,,2025
Money Thompson,FR,CB,,2025
Nate Tilmon,FR,S,,2025
Dallas Vakalahi,SO,DT,,2025
Aliki Vimahi,SR,DT,,2025
Dilan Battle,FR,DT,,2025
Isaiah Brown,SO,CB,,2025
Alex Cloward,SO,DE,,2025
Jack Evans,FR,S,,2025
John Frank Jr.,SO,DE,,2025
Jaxson Jones,FR,DE,,2025
Ryker Kemp,FR,DE,,2025
Charlie King,FR,LS,,2025
Tommy Nelson,FR,S,,2025
Ashton Olevao,FR,S,,2025
Taniela Pepa,FR,DT,,2025
Donovan Saunders,JR,CB,,2025
Josh Sovereign,FR,S,,2025
Cole Standage,FR,CB,,2025
Mike Tauteoli,SO,DT,,2025
