Player,Pos,Summary,Year
Bill August,QB,"69 Cmp, 144 Att, 891 Yds, 5 TD",1972
Dave Terry,QB,"62 Cmp, 122 Att, 742 Yds, 2 TD",1972
Pete Van Valkenberg,RB,"232 Att, 1386 Yds, 6.0 Avg",1972
Steve Stratton,RB,"78 Att, 328 Yds, 4.2 Avg",1972
Wayne Bower,RB,"43 Att, 271 Yds, 6.3 Avg",1972
Pete Van Valkenburg,RB,"232 Att, 1386 Yds, 6.0 Avg",1972
Dan Taylor,RB,"46 Att, 161 Yds, 3.5 Avg",1972
Gil Gillenwater,RB,"3 Att, 56 Yds, 18.7 Avg",1972
Bryce Johnson,RB,,1972
Logan Hunter,WR,"49 Rec, 555 Yds, 11.3 Avg",1972
John Betham,WR,"19 Rec, 345 Yds, 18.2 Avg",1972
Jay Miller,WR,"6 Rec, 30 Yds, 5.0 Avg",1972
Lynn Zwahlen,WR,"5 Rec, 95 Yds, 19.0 Avg",1972
Dave Affleck,WR,"3 Rec, 15 Yds, 5.0 Avg",1972
Dennis Doman,TE,"7 Rec, 59 Yds, 8.4 Avg",1972
Mike Pistorius,TE,"16 Rec, 314 Yds, 19.6 Avg",1972
Joe Bailey,OL,,1972
Craig Denny,OL,,1972
Paul Howard,OL,,1972
John Monahan,OL,,1972
Steve Price,OL,,1972
Dave Brooks,OL,,1972
Paul Linford,DL,,1972
Orrin Olsen,DL,,1972
Ed Rozeski,DL,,1972
Grant Wells,DL,,1972
Wayne Baker,DL,,1972
Bob Larsen,DL,,1972
Larry Carr,LB,,1972
Phil Jensen,LB,,1972
Ron Tree,LB,,1972
Kahlili Hunt,LB,,1972
Mike Preston,LB,,1972
Dave Atkinson,DB,,1972
Craig Crompton,DB,,1972
George Gourley,DB,,1972
Dan Hansen,DB,,1972
Bennis Smith,DB,,1972
Gary Sheide,QB,"177 Cmp, 294 Att, 2350 Yds, 22 TD",1973
Randy Litchfield,QB,"54 Cmp, 107 Att, 554 Yds, 2 TD",1973
Dave Terry,QB,"4 Cmp, 7 Att, 26 Yds, 0 TD",1973
Mark Terranova,RB,"94 Att, 414 Yds, 4.4 Avg",1973
Steve Stratton,RB,"60 Att, 330 Yds, 5.5 Avg",1973
Jeff Blanc,RB,"61 Att, 301 Yds, 4.9 Avg",1973
Wayne Bower,RB,"28 Att, 90 Yds, 3.2 Avg",1973
Charlie Ah You,RB,"43 Att, 186 Yds, 4.3 Avg",1973
Gil Gillenwater,RB,"43 Att, 156 Yds, 3.6 Avg",1973
Dave Coon,RB,"41 Att, 90 Yds, 2.2 Avg",1973
Dan Taylor,RB,"22 Att, 71 Yds, 3.2 Avg",1973
Dan Van Valkenburg,RB,"8 Att, 30 Yds, 3.8 Avg",1973
Tom Easley,RB,"1 Att, 3 Yds, 3.0 Avg",1973
John Betham,WR,"9 Rec, 229 Yds, 25.4 Avg",1973
Jay Miller,WR,"100 Rec, 1181 Yds, 11.8 Avg",1973
Lynn Zwahlen,WR,"25 Rec, 324 Yds, 13.0 Avg",1973
Dave Affleck,WR,"1 Rec, 34 Yds, 34.0 Avg",1973
Sam Lobue,WR,"1 Rec, 68 Yds, 68.0 Avg",1973
Mike Pistorius,TE,"37 Rec, 457 Yds, 12.4 Avg",1973
Tom Toolson,TE,"2 Rec, 38 Yds, 19.0 Avg",1973
Joe Bailey,OL,,1973
Dave Brooks,OL,,1973
Craig Denny,OL,,1973
Steve Price,OL,,1973
Lance Reynolds,OL,,1973
Lloyd Fairbanks,OL,,1973
Brad Oates,OL,,1973
Wayne Baker,DL,,1973
Bob Larsen,DL,,1973
Paul Linford,DL,,1973
Wally Molifua,DL,,1973
Keith Rivera,DL,,1973
Stan Varner,DL,,1973
Grant Wells,DL,,1973
Larry Carr,LB,,1973
Phil Jensen,LB,,1973
Mike Preston,LB,,1973
Doug Adams,LB,,1973
Dave Atkinson,DB,,1973
Mike Russell,DB,,1973
Gary Shaw,DB,,1973
Dana Wilgar,DB,,1973
Tom Echohawk,DB,,1973
Gary Shiede,QB,,1974
Mark Giles,QB,"10 Cmp, 18 Att, 129 Yds, 2 TD",1974
Jeff Blanc,RB,"199 Att, 784 Yds, 3.9 Avg",1974
Tim Mahoney,RB,"46 Att, 169 Yds, 3.7 Avg",1974
Charlie Ah You,RB,"91 Att, 271 Yds, 3.0 Avg",1974
Todd Christensen,RB,"41 Att, 150 Yds, 3.7 Avg",1974
Dave Lowry,RB,"21 Att, 45 Yds, 2.1 Avg",1974
Larry Kemp,RB,"2 Att, 11 Yds, 5.5 Avg",1974
Jim Goodenberger,RB,,1974
John Betham,WR,"38 Rec, 569 Yds, 15.0 Avg",1974
Jeff Nilsson,WR,"14 Rec, 243 Yds, 17.4 Avg",1974
Sam Lobue,WR,"14 Rec, 220 Yds, 15.7 Avg",1974
Tom Digman,WR,,1974
Tom Dignan,WR,"2 Rec, 18 Yds, 9.0 Avg",1974
Craig VanLeeuwen,WR,"6 Rec, 120 Yds, 20.0 Avg",1974
Jay Miller,WR,"2 Rec, 33 Yds, 16.5 Avg",1974
Tom Toolson,TE,"11 Rec, 140 Yds, 12.7 Avg",1974
Kirk Tanner,TE,"16 Rec, 103 Yds, 6.4 Avg",1974
Brian Billick,TE,"7 Rec, 82 Yds, 11.7 Avg",1974
Lloyd Fairbanks,OL,,1974
Dave Meteer,OL,,1974
Brad Oates,OL,,1974
Orrin Olsen,OL,,1974
Dean Paynter,OL,,1974
Dave Hubbard,OL,,1974
Wayne Baker,DL,,1974
Paul Linford,DL,,1974
Keith Rivera,DL,,1974
Stan Varner,DL,,1974
Doug Adams,LB,,1974
Larry Carr,LB,,1974
Phil Jensen,LB,,1974
Clark Carlson,LB,,1974
Mark McCluskey,DB,,1974
Mike Russell,DB,,1974
Gary Shaw,DB,,1974
Dana Wilgar,DB,,1974
Gary Sheide,,,1974
Gary Scheide,,,1974
Gifford Nielson,QB,,1975
Mark Giles,QB,"39 Cmp, 75 Att, 396 Yds, 3 TD",1975
Gifford Nielsen,QB,"110 Cmp, 180 Att, 1471 Yds, 10 TD",1975
Jeff Duva,QB,"6 Cmp, 25 Att, 84 Yds, 0 TD",1975
Danny Hartwig,QB,"1 Cmp, 1 Att, 3 Yds, 0 TD",1975
Jeff Blanc,RB,"216 Att, 984 Yds, 4.6 Avg",1975
Todd Christensen,RB,"59 Att, 273 Yds, 4.6 Avg",1975
Charlie Ah You,RB,"79 Att, 309 Yds, 3.9 Avg",1975
Roger Gourley,RB,"34 Att, 115 Yds, 3.4 Avg",1975
Dave Lowry,RB,"41 Att, 199 Yds, 4.9 Avg",1975
Pisa Finai,RB,"8 Att, 32 Yds, 4.0 Avg",1975
Clay Blackwell,RB,"5 Att, 13 Yds, 2.6 Avg",1975
John Van Der Wouden,WR,"29 Rec, 621 Yds, 21.4 Avg",1975
Jeff Nilsson,WR,"18 Rec, 236 Yds, 13.1 Avg",1975
Tom Dignan,WR,"13 Rec, 135 Yds, 10.4 Avg",1975
George Harris,WR,"1 Rec, 11 Yds, 11.0 Avg",1975
Bob Biddy,WR,"2 Rec, 20 Yds, 10.0 Avg",1975
Brian Billick,TE,"19 Rec, 207 Yds, 10.9 Avg",1975
Bill Allen,TE,"3 Rec, 30 Yds, 10.0 Avg",1975
Mike House,TE,"3 Rec, 38 Yds, 12.7 Avg",1975
Kirk Tanner,TE,"3 Rec, 36 Yds, 12.0 Avg",1975
Brad Oates,OL,,1975
Tom Bell,OL,,1975
Dave Hubbard,OL,,1975
Steve Miller,OL,,1975
Orrin Olsen,OL,,1975
Dave Meteer,OL,,1975
Keith Uperesa,OL,,1975
Mekeli Ieremia,DL,,1975
Marcus Kanahele,DL,,1975
Bill Rice,DL,,1975
Stan Varner,DL,,1975
Phil Jensen,LB,,1975
Blake Murdock,LB,,1975
Sid Smith,LB,,1975
Tim Halvorson,DB,,1975
Craig Jensen,DB,,1975
Gary Shaw,DB,,1975
Dana Wilgar,DB,,1975
Mark McCluskey,DB,,1975
Gifford Nielsen,QB,"230 Cmp, 406 Att, 3401 Yds, 30 TD",1976
Terry McEwen,QB,"16 Cmp, 31 Att, 194 Yds, 2 TD",1976
Jeff Blanc,RB,"149 Att, 594 Yds, 4.0 Avg",1976
Todd Christensen,RB,"91 Att, 353 Yds, 3.9 Avg",1976
Dave Lowry,RB,"75 Att, 308 Yds, 4.1 Avg",1976
Roger Gourley,RB,"36 Att, 172 Yds, 4.8 Avg",1976
Roy Ward,RB,"17 Att, 69 Yds, 4.1 Avg",1976
John Van Der Wouden,WR,"42 Rec, 669 Yds, 15.9 Avg",1976
Mike Chronister,WR,"31 Rec, 706 Yds, 22.8 Avg",1976
Jeff Nilsson,WR,"7 Rec, 94 Yds, 13.4 Avg",1976
George Harris,WR,"12 Rec, 327 Yds, 27.3 Avg",1976
Brian Billick,TE,"6 Rec, 70 Yds, 11.7 Avg",1976
Tod Thompson,TE,"16 Rec, 290 Yds, 18.1 Avg",1976
Chuck Carlson,OL,,1976
Dave Hubbard,OL,,1976
Steve Miller,OL,,1976
Lance Reynolds,OL,,1976
Keith Uperesa,OL,,1976
John Dowell,OL,,1976
Dave Meteer,OL,,1976
Dave Taylor,K,,1976
Steve Dewey,DL,,1976
Mekeli Ieremia,DL,,1976
Marcus Kanahele,DL,,1976
Bill Rice,DL,,1976
Ross Varner,DL,,1976
Larry Miller,LB,,1976
Blake Murdock,LB,,1976
Rod Wood,LB,,1976
Mark Berntsen,LB,,1976
Tony Hernandez,DB,,1976
Craig Jensen,DB,,1976
Marc Swenson,DB,,1976
Dana Wilgar,DB,,1976
Bob Biddy,DB,,1976
Jason Coloma,DB,,1976
Marc Wilson,QB,"164 Cmp, 277 Att, 2418 Yds, 24 TD",1977
Gifford Nielsen,QB,"98 Cmp, 156 Att, 1167 Yds, 16 TD",1977
Terry McEwen,QB,"3 Cmp, 3 Att, 32 Yds, 0 TD",1977
Danny Hartwig,QB,"1 Cmp, 2 Att, 9 Yds, 0 TD",1977
Scott Phillips,RB,"47 Att, 325 Yds, 6.9 Avg",1977
Todd Christensen,RB,"79 Att, 290 Yds, 3.7 Avg",1977
Roger Gourley,RB,"76 Att, 294 Yds, 3.9 Avg",1977
Bill Ring,RB,"58 Att, 262 Yds, 4.5 Avg",1977
Casey Wingard,RB,"33 Att, 192 Yds, 5.8 Avg",1977
Scott Reber,RB,"6 Att, 25 Yds, 4.2 Avg",1977
John Van Der Wouden,WR,"43 Rec, 661 Yds, 15.4 Avg",1977
Mike Chronister,WR,"38 Rec, 649 Yds, 17.1 Avg",1977
George Harris,WR,"23 Rec, 313 Yds, 13.6 Avg",1977
Rick Jones,WR,"7 Rec, 69 Yds, 9.9 Avg",1977
Stan Younger,WR,"6 Rec, 74 Yds, 12.3 Avg",1977
Lynn Zwahlen,WR,"5 Rec, 32 Yds, 6.4 Avg",1977
Tod Thompson,TE,"37 Rec, 602 Yds, 16.3 Avg",1977
Rob Anderson,TE,"2 Rec, 16 Yds, 8.0 Avg",1977
Calvin Close,OL,,1977
Tom Miller,OL,,1977
Lance Reynolds,OL,,1977
Keith Uperesa,OL,,1977
Danny Hansen,OL,,1977
Scott Nielson,OL,,1977
Dev Duke,K,,1977
Mekeli Ierema,DL,,1977
Mat Mendenhall,DL,,1977
Gary Peterson,DL,,1977
Ross Varner,DL,,1977
Mark Bernsten,LB,,1977
Larry Miller,LB,,1977
Rod Wood,LB,,1977
Jason Coloma,DB,,1977
Tony Hernandez,DB,,1977
Bob Prested,DB,,1977
Ron Velasco,DB,,1977
Marc Swensen,DB,,1977
Dave McKee,DB,,1977
John Neal,DB,,1977
Marc Swenson,DB,,1977
Jim McMahon,P,,1977
Marc Wilson,QB,"121 Cmp, 233 Att, 1499 Yds, 8 TD",1978
Jim McMahon,QB,"87 Cmp, 176 Att, 1307 Yds, 6 TD",1978
Mark Flammer,QB,,1978
Scott Phillips,RB,"69 Att, 181 Yds, 2.6 Avg",1978
Bill Ring,RB,"116 Att, 520 Yds, 4.5 Avg",1978
Casey Wingard,RB,"82 Att, 325 Yds, 4.0 Avg",1978
Doug Williams,RB,"24 Att, 49 Yds, 2.0 Avg",1978
Clay Blackwell,RB,"10 Att, 29 Yds, 2.9 Avg",1978
Perry Bradford,RB,"4 Att, 22 Yds, 5.5 Avg",1978
Kyle Whittingham,RB,"9 Att, 25 Yds, 2.8 Avg",1978
Mike Chronister,WR,"52 Rec, 850 Yds, 16.3 Avg",1978
Kent Tingey,WR,"20 Rec, 280 Yds, 14.0 Avg",1978
Lloyd Jones,WR,"7 Rec, 148 Yds, 21.1 Avg",1978
Stan Younger,WR,"1 Rec, 45 Yds, 45.0 Avg",1978
Bill Davis,WR,"10 Rec, 148 Yds, 14.8 Avg",1978
Dan Plater,WR,"1 Rec, 17 Yds, 17.0 Avg",1978
Tod Thompson,TE,"34 Rec, 560 Yds, 16.5 Avg",1978
Clay Brown,TE,"9 Rec, 184 Yds, 20.4 Avg",1978
Tom Bell,OL,,1978
Nick Eyre,OL,,1978
Al Gaspard,OL,,1978
Danny Hansen,OL,,1978
Scott Neilson,OL,,1978
Randy Tidwell,OL,,1978
Brent Johnson,K,,1978
Bob Kittell,K,,1978
John Kormylo,DL,,1978
Mat Mendenhall,DL,,1978
Doug Stromberg,DL,,1978
Ross Varner,DL,,1978
Tom Enlow,LB,,1978
Larry Miller,LB,,1978
Rod Wood,LB,,1978
Marv Allen,LB,,1978
Jason Coloma,DB,,1978
Dave McKee,DB,,1978
Bill Schoepflin,DB,,1978
Ron Velasco,DB,,1978
Dave Francis,DB,,1978
Bob Prested,DB,,1978
Tim Halverson,DB,,1978
Marc Swenson,DB,,1978
Marc Wilson,QB,"250 Cmp, 427 Att, 3720 Yds, 29 TD",1979
Royce Bybee,QB,"26 Cmp, 37 Att, 331 Yds, 4 TD",1979
Eric Lane,RB,"94 Att, 595 Yds, 6.3 Avg",1979
Homer Jones,RB,"75 Att, 546 Yds, 7.3 Avg",1979
Scott Phillips,RB,"46 Att, 321 Yds, 7.0 Avg",1979
Steve Carlsen,RB,"36 Att, 201 Yds, 5.6 Avg",1979
Doug Williams,RB,"22 Att, 50 Yds, 2.3 Avg",1979
Mike Lacey,RB,"7 Att, 8 Yds, 1.1 Avg",1979
Clay Blackwell,RB,"7 Att, 30 Yds, 4.3 Avg",1979
Scott Reber,RB,"5 Att, 51 Yds, 10.2 Avg",1979
Vic Whitsett,RB,"5 Att, 35 Yds, 7.0 Avg",1979
Lloyd Jones,WR,"33 Rec, 735 Yds, 22.3 Avg",1979
Bill Davis,WR,"21 Rec, 379 Yds, 18.0 Avg",1979
Matt Braga,WR,"21 Rec, 369 Yds, 17.6 Avg",1979
Dan Plater,WR,"24 Rec, 411 Yds, 17.1 Avg",1979
Kent Tingey,WR,"6 Rec, 87 Yds, 14.5 Avg",1979
Scott Collie,WR,"1 Rec, 10 Yds, 10.0 Avg",1979
Clay Brown,TE,"31 Rec, 498 Yds, 16.1 Avg",1979
Rob Anderson,TE,"4 Rec, 76 Yds, 19.0 Avg",1979
Dave Smith,TE,"1 Rec, 25 Yds, 25.0 Avg",1979
Tom Bell,OL,,1979
Nick Eyre,OL,,1979
Danny Hansen,OL,,1979
Scott Nielson,OL,,1979
Randy Tidwell,OL,,1979
Brent Johnson,K,,1979
Pulusila Filiaga,DL,,1979
Mat Mendenhall,DL,,1979
Mike Morgan,DL,,1979
Glen Titensor,DL,,1979
Rob Buchanan,DL,,1979
Jim Jaramillo,DL,,1979
Gary Kama,LB,,1979
Glen Redd,LB,,1979
Ed St. Pierre,LB,,1979
Tim Halverson,DB,,1979
John Neal,DB,,1979
Bob Prested,DB,,1979
Bill Schoepflin,DB,,1979
Dave Francis,DB,,1979
Rob Wilson,DB,,1979
Mark Brady,DB,,1979
Kevin Walker,DB,,1979
Mike Mees,P,,1979
Jim McMahon,QB,"284 Cmp, 445 Att, 4571 Yds, 47 TD",1980
Royce Bybee,QB,"33 Cmp, 53 Att, 347 Yds, 2 TD",1980
Eric Lane,RB,"96 Att, 467 Yds, 4.9 Avg",1980
Scott Phillips,RB,"60 Rec, 689 Yds, 11.5 Avg",1980
Homer Jones,RB,,1980
Scott Pettis,RB,"27 Att, 281 Yds, 10.4 Avg",1980
Steve Carlsen,RB,"17 Att, 71 Yds, 4.2 Avg",1980
Bruce Hansen,RB,"14 Att, 64 Yds, 4.6 Avg",1980
Vai Sikahema,RB,"7 Att, 44 Yds, 6.3 Avg",1980
Waymon Hamilton,RB,"6 Att, 45 Yds, 7.5 Avg",1980
Lloyd Jones,WR,"29 Rec, 661 Yds, 22.8 Avg",1980
Matt Braga,WR,"23 Rec, 431 Yds, 18.7 Avg",1980
Dan Plater,WR,"37 Rec, 660 Yds, 17.8 Avg",1980
Bill Davis,WR,"23 Rec, 411 Yds, 17.9 Avg",1980
Scott Collie,WR,"1 Rec, 10 Yds, 10.0 Avg",1980
Clay Brown,TE,"48 Rec, 1009 Yds, 21.0 Avg",1980
Rob Anderson,TE,"4 Rec, 58 Yds, 14.5 Avg",1980
Mike Lacey,TE,,1980
Calvin Close,OL,,1980
Lloyd Eldredge,OL,,1980
Nick Eyre,OL,,1980
Ray Linford,OL,,1980
Bart Oates,OL,,1980
Kurt Gunther,K,,1980
Lee Johnson,K,,1980
Brad Anae,DL,,1980
Chuck Ehin,DL,,1980
Mike Morgan,DL,,1980
Glen Titensor,DL,,1980
Pulusila Filiaga,DL,,1980
Glen Redd,LB,,1980
Ed St. Pierre,LB,,1980
Kyle Whittingham,LB,,1980
David Aupiu,LB,,1980
John Ramage,LB,,1980
Todd Shell,LB,,1980
Mark Walker,LB,,1980
Mark Brady,DB,,1980
Dave Francis,DB,,1980
Bob Prested,DB,,1980
Bill Schoepflin,DB,,1980
Tom Holmoe,DB,,1980
Rob Wilson,DB,,1980
Jim McMahon,QB,"272 Cmp, 423 Att, 3555 Yds, 30 TD",1981
Steve Young,QB,"56 Cmp, 112 Att, 731 Yds, 5 TD",1981
Waymon Hamilton,RB,"96 Att, 394 Yds, 4.1 Avg",1981
Scott Pettis,RB,"94 Att, 499 Yds, 5.3 Avg",1981
Bruce Hansen,RB,"35 Att, 176 Yds, 5.0 Avg",1981
Vai Sikahema,RB,"35 Att, 242 Yds, 6.9 Avg",1981
Jimmy Jones,RB,"12 Att, 64 Yds, 5.3 Avg",1981
Blair Buswell,RB,"1 Att, 2 Yds, 2.0 Avg",1981
Dan Plater,WR,"62 Rec, 891 Yds, 14.4 Avg",1981
Scott Collie,WR,"26 Rec, 404 Yds, 15.5 Avg",1981
Glen Kozlowski,WR,"29 Rec, 376 Yds, 13.0 Avg",1981
Neil Balholm,WR,"31 Rec, 465 Yds, 15.0 Avg",1981
Kirk Pendleton,WR,"1 Rec, 7 Yds, 7.0 Avg",1981
Gordon Hudson,TE,"67 Rec, 960 Yds, 14.3 Avg",1981
David Mills,TE,"6 Rec, 64 Yds, 10.7 Avg",1981
Dave Aina,TE,"1 Rec, 19 Yds, 19.0 Avg",1981
Calvin Close,OL,,1981
Lloyd Eldredge,OL,,1981
Bart Oates,OL,,1981
Steve Rogers,OL,,1981
Vince Stroth,OL,,1981
Wayne Faalufua,OL,,1981
Walt Manwill,OL,,1981
Corey Pace,OL,,1981
Kurt Gunther,K,,1981
Brad Anae,DL,,1981
Pulusila Filiaga,DL,,1981
Brandon Flint,DL,,1981
Mike Morgan,DL,,1981
Chuck Ehin,DL,,1981
Barry Oates,DL,,1981
David Aupiu,LB,,1981
Todd Shell,LB,,1981
Kyle Whittingham,LB,,1981
Mike O'Neil,LB,,1981
Steve Brady,DB,,1981
Tom Holmoe,DB,,1981
Dave McKee,DB,,1981
Kevin Walker,DB,,1981
John Mannion,DB,,1981
Mike Mees,P,,1981
Kyle Whittington,,,1981
Steve Young,QB,"230 Cmp, 367 Att, 3100 Yds, 18 TD",1982
Eric Krzmarzick,QB,"9 Cmp, 14 Att, 61 Yds, 1 TD",1982
Blaine Fowler,QB,"1 Cmp, 3 Att, 27 Yds, 0 TD",1982
Casey Tiumalu,RB,"110 Att, 665 Yds, 6.0 Avg",1982
Scott Pettis,RB,"28 Att, 119 Yds, 4.3 Avg",1982
Waymon Hamilton,RB,"65 Att, 320 Yds, 4.9 Avg",1982
Eddie Stinnett,RB,"46 Att, 267 Yds, 5.8 Avg",1982
Jimmy Jones,RB,"28 Att, 121 Yds, 4.3 Avg",1982
Bill McNabb,RB,"7 Att, 35 Yds, 5.0 Avg",1982
Scott Collie,WR,"16 Rec, 282 Yds, 17.6 Avg",1982
Neil Balholm,WR,"39 Rec, 749 Yds, 19.2 Avg",1982
Mike Eddo,WR,"15 Rec, 229 Yds, 15.3 Avg",1982
Kirk Pendleton,WR,"25 Rec, 334 Yds, 13.4 Avg",1982
Mark Bellini,WR,"2 Rec, 10 Yds, 5.0 Avg",1982
Gordon Hudson,TE,"67 Rec, 928 Yds, 13.9 Avg",1982
Steve Harper,TE,"3 Rec, 35 Yds, 11.7 Avg",1982
Lloyd Eldredge,OL,,1982
Wayne Faalufua,OL,,1982
Bart Oates,OL,,1982
Vince Stroth,OL,,1982
Neils Tidwell,OL,,1982
Kurt Gunther,K,,1982
Chuck Ehin,DL,,1982
Brandon Flint,DL,,1982
Mike Morgan,DL,,1982
Neil Anderson,DL,,1982
David Aupiu,LB,,1982
Brian Hansen,LB,,1982
Mike O'Neil,LB,,1982
Todd Shell,LB,,1982
David Neff,LB,,1982
Tom Holmoe,DB,,1982
Blake Jensen,DB,,1982
Kyle Morrell,DB,,1982
Kevin Walker,DB,,1982
John Mannion,DB,,1982
Greg Peterson,DB,,1982
Mike Mees,P,,1982
Steve Young,QB,"306 Cmp, 429 Att, 3902 Yds, 33 TD",1983
Robbie Bosco,QB,"17 Cmp, 28 Att, 252 Yds, 3 TD",1983
Casey Tiumalu,RB,"139 Att, 851 Yds, 6.1 Avg",1983
Eddie Stinnett,RB,"55 Att, 475 Yds, 8.6 Avg",1983
Waymon Hamilton,RB,"51 Att, 305 Yds, 6.0 Avg",1983
Lakei Heimuli,RB,"29 Att, 91 Yds, 3.1 Avg",1983
Bill McNabb,RB,"8 Att, 33 Yds, 4.1 Avg",1983
Mike Stanger,RB,"3 Att, 7 Yds, 2.3 Avg",1983
Tom Tuipulotu,RB,"1 Att, 2 Yds, 2.0 Avg",1983
Kirk Pendleton,WR,"50 Rec, 810 Yds, 16.2 Avg",1983
Mike Eddo,WR,"21 Rec, 303 Yds, 14.4 Avg",1983
Glen Kozlowski,WR,"29 Rec, 532 Yds, 18.3 Avg",1983
Adam Haysbert,WR,"11 Rec, 167 Yds, 15.2 Avg",1983
Scott Norberg,WR,"1 Rec, 13 Yds, 13.0 Avg",1983
Brian Hazelgren,WR,,1983
Gordon Hudson,TE,"44 Rec, 596 Yds, 13.5 Avg",1983
Steve Harper,TE,"26 Rec, 366 Yds, 14.1 Avg",1983
David Mills,TE,"3 Rec, 34 Yds, 11.3 Avg",1983
Brett Varoz,TE,"1 Rec, 10 Yds, 10.0 Avg",1983
Rex Burningham,OL,,1983
Craig Garrick,OL,,1983
Doug Kellermeyer,OL,,1983
Trevor Matich,OL,,1983
Louis Wong,OL,,1983
Randy Rawlinson,OL,,1983
Lee Johnson,K,,1983
Kevin Mitchell,K,,1983
Pete Rossi,K,,1983
Brandon Flint,DL,,1983
Jim Herrmann,DL,,1983
Brad Smith,DL,,1983
Shawn Knight,DL,,1983
Marv Allen,LB,,1983
Todd Shell,LB,,1983
Leon White,LB,,1983
Cary Whittingham,LB,,1983
Dave Neff,LB,,1983
Dan Akerfelds,LB,,1983
John Bechtold,LB,,1983
Blake Jensen,DB,,1983
Kyle Morrell,DB,,1983
Greg Peterson,DB,,1983
Jon Young,DB,,1983
Mark Allen,DB,,1983
Bobby Salazar,DB,,1983
Robbie Bosco,QB,"313 Cmp, 500 Att, 4218 Yds, 35 TD",1984
Blaine Fowler,QB,"27 Cmp, 42 Att, 307 Yds, 1 TD",1984
Lakei Heimuli,RB,"174 Att, 878 Yds, 5.0 Avg",1984
Kelly Smith,RB,"56 Rec, 686 Yds, 12.3 Avg",1984
Robert Parker,RB,"43 Att, 214 Yds, 5.0 Avg",1984
Fred Whittingham,RB,"25 Att, 67 Yds, 2.7 Avg",1984
Thor Salanoa,RB,"15 Att, 72 Yds, 4.8 Avg",1984
Vai Sikahema,RB,"12 Att, 76 Yds, 6.3 Avg",1984
Paul Crawford,RB,"2 Att, 12 Yds, 6.0 Avg",1984
Glen Kozlowski,WR,"58 Rec, 914 Yds, 15.8 Avg",1984
Mark Bellini,WR,"38 Rec, 620 Yds, 16.3 Avg",1984
Adam Haysbert,WR,"35 Rec, 443 Yds, 12.7 Avg",1984
Richard Orr,WR,"10 Rec, 153 Yds, 15.3 Avg",1984
Jim Edwards,WR,"3 Rec, 41 Yds, 13.7 Avg",1984
David Mills,TE,"71 Rec, 1126 Yds, 15.9 Avg",1984
Trevor Molini,TE,"8 Rec, 62 Yds, 7.8 Avg",1984
Lance Lindley,TE,"2 Rec, 18 Yds, 9.0 Avg",1984
Robert Anae,OL,,1984
Craig Garrick,OL,,1984
Trevor Matich,OL,,1984
Louis Wong,OL,,1984
Dave Wright,OL,,1984
David King,OL,,1984
Scott Robinson,OL,,1984
Lee Johnson,K,,1984
Pete Rossi,K,,1984
Larry Hamilton,DL,,1984
Jim Herrmann,DL,,1984
Brad Smith,DL,,1984
Shawn Knight,DL,,1984
Marv Allen,LB,,1984
Kurt Gouveia,LB,,1984
Leon White,LB,,1984
Cary Whittingham,LB,,1984
Dave Neff,LB,,1984
Mark Allen,DB,,1984
Steve Haymond,DB,,1984
Kyle Morrell,DB,,1984
Jeff Sprowls,DB,,1984
Korey Rasmussen,DB,,1984
Robbie Bosco,QB,"338 Cmp, 511 Att, 4273 Yds, 30 TD",1985
Blaine Fowler,QB,"26 Cmp, 44 Att, 309 Yds, 2 TD",1985
Steve Lindsley,QB,"2 Cmp, 3 Att, 26 Yds, 0 TD",1985
Vai Sikahema,RB,"58 Att, 383 Yds, 6.6 Avg",1985
Lakei Heimuli,RB,"188 Att, 857 Yds, 4.6 Avg",1985
Tom Tuipulotu,RB,"90 Att, 587 Yds, 6.5 Avg",1985
Kelly Smith,RB,"49 Rec, 530 Yds, 10.8 Avg",1985
Bruce Hansen,RB,"15 Att, 64 Yds, 4.3 Avg",1985
Alema Harrington,RB,"14 Att, 44 Yds, 3.1 Avg",1985
Ed Rowe,RB,"9 Att, 20 Yds, 2.2 Avg",1985
Glen Kozlowski,WR,"23 Rec, 436 Yds, 19.0 Avg",1985
Mark Bellini,WR,"63 Rec, 1008 Yds, 16.0 Avg",1985
Jim Edwards,WR,"8 Rec, 114 Yds, 14.3 Avg",1985
Scott Norberg,WR,"21 Rec, 281 Yds, 13.4 Avg",1985
David Miles,WR,"8 Rec, 86 Yds, 10.8 Avg",1985
Keith Doman,WR,"3 Rec, 53 Yds, 17.7 Avg",1985
Trevor Molini,TE,"63 Rec, 849 Yds, 13.5 Avg",1985
Lance Lindley,TE,"13 Rec, 120 Yds, 9.2 Avg",1985
George Tavita,TE,"3 Rec, 35 Yds, 11.7 Avg",1985
John Borgia,OL,,1985
Keith McCullough,OL,,1985
Scott Robinson,OL,,1985
Dave Tidwell,OL,,1985
Dave Wright,OL,,1985
Mark Ormsby,K,,1985
Gary Webster,K,,1985
Jason Buck,DL,,1985
Shawn Knight,DL,,1985
Ken Smith,DL,,1985
David Futrell,DL,,1985
Ladd Akeo,LB,,1985
Kurt Gouveia,LB,,1985
Leon White,LB,,1985
Cary Whittingham,LB,,1985
Steve Sanders,LB,,1985
Rob Ledenko,DB,,1985
Marc Sherman,DB,,1985
Jeff Sprowls,DB,,1985
Rodney Thomas,DB,,1985
Troy Long,DB,,1985
Shane Shumway,DB,,1985
Jeff Wilcox,DB,,1985
Kevin Towle,P,,1985
Pat Thompson,P,,1985
John Oates,KR,,1985
Steve Lindsley,QB,"180 Cmp, 287 Att, 2247 Yds, 12 TD",1986
Bob Jensen,QB,"25 Cmp, 54 Att, 465 Yds, 3 TD",1986
Mike Young,QB,"8 Cmp, 14 Att, 115 Yds, 1 TD",1986
Lakei Heimuli,RB,"230 Att, 966 Yds, 4.2 Avg",1986
Robert Parker,RB,"86 Att, 542 Yds, 6.3 Avg",1986
Bruce Hansen,RB,"71 Att, 406 Yds, 5.7 Avg",1986
Roger Price,RB,"10 Att, 54 Yds, 5.4 Avg",1986
Mike O'Brien,RB,"4 Att, 15 Yds, 3.8 Avg",1986
Mark Bellini,WR,"46 Rec, 839 Yds, 18.2 Avg",1986
David Miles,WR,"6 Rec, 104 Yds, 17.3 Avg",1986
Rich Zayas,WR,"8 Rec, 176 Yds, 22.0 Avg",1986
Kevin Doman,WR,"5 Rec, 83 Yds, 16.6 Avg",1986
Chuck Cutler,WR,"3 Rec, 13 Yds, 4.3 Avg",1986
Jim Edwards,WR,"1 Rec, 4 Yds, 4.0 Avg",1986
Trevor Molini,TE,"34 Rec, 444 Yds, 13.1 Avg",1986
Darren Handley,TE,"11 Rec, 178 Yds, 16.2 Avg",1986
Ralph Martini,TE,"2 Rec, 6 Yds, 3.0 Avg",1986
Chris Bisho,OL,,1986
David King,OL,,1986
Chris Matau,OL,,1986
Brian White,OL,,1986
Brian Rodoni,OL,,1986
Leonard Chitty,K,,1986
Chris Germann,K,,1986
Jason Buck,DL,,1986
David Futrell,DL,,1986
Shawn Knight,DL,,1986
Ladd Akeo,LB,,1986
Richard Hobbs,LB,,1986
Thor Salanoa,LB,,1986
J.C. VonColln,LB,,1986
Steve Kaufusi,LB,,1986
Regan Hansen,LB,,1986
Andy Katoa,LB,,1986
Korey Rasmussen,DB,,1986
Shane Shumway,DB,,1986
Rodney Thomas,DB,,1986
Jeff Wilcox,DB,,1986
Troy Long,DB,,1986
Scott Peterson,DB,,1986
Pat Thompson,P,,1986
Sean Covey,QB,"132 Cmp, 217 Att, 1688 Yds, 8 TD",1987
Bob Jensen,QB,"144 Cmp, 259 Att, 1833 Yds, 10 TD",1987
Fred Whittingham,RB,"129 Att, 418 Yds, 3.2 Avg",1987
Matt Bellini,RB,"51 Rec, 548 Yds, 10.7 Avg",1987
Thor Salanoa,RB,"1 Att, 1 Yds, 1.0 Avg",1987
Mike O'Brien,RB,"87 Att, 309 Yds, 3.6 Avg",1987
Mike Salido,RB,"48 Att, 239 Yds, 5.0 Avg",1987
Peter Tuipulotu,RB,"24 Att, 77 Yds, 3.2 Avg",1987
Alema Harrington,RB,"6 Att, -8 Yds, -1.3 Avg",1987
David Miles,WR,"34 Rec, 581 Yds, 17.1 Avg",1987
Chuck Cutler,WR,"30 Rec, 444 Yds, 14.8 Avg",1987
Rich Zayas,WR,"25 Rec, 489 Yds, 19.6 Avg",1987
Jeff Frandsen,WR,"3 Rec, 28 Yds, 9.3 Avg",1987
Garen Jeppesen,WR,"1 Rec, 7 Yds, 7.0 Avg",1987
Darren Handley,TE,"52 Rec, 636 Yds, 12.2 Avg",1987
Travis McBeth,TE,"10 Rec, 230 Yds, 23.0 Avg",1987
Brian White,OL,,1987
John Borgia,OL,,1987
Don Busenbark,OL,,1987
John Hunter,OL,,1987
Phil Nauahi,OL,,1987
Brian Rodoni,OL,,1987
Warren Wheat,OL,,1987
Leonard Chitty,K,,1987
Tim Clark,DL,,1987
David Futrell,DL,,1987
Craig Patterson,DL,,1987
Steve Kaufusi,DL,,1987
Bob Davis,LB,,1987
Regan Hansen,LB,,1987
Richard Hobbs,LB,,1987
Chad Robinson,LB,,1987
J.C. VonColln,LB,,1987
David Porter,LB,,1987
Paul Sinclair,LB,,1987
Troy Long,DB,,1987
Scott Peterson,DB,,1987
Rodney Rice,DB,,1987
Rodney Thomas,DB,,1987
Darrin Lambert,DB,,1987
Courtney Rogers,DB,,1987
Pat Thompson,P,,1987
Sean Covey,QB,"174 Cmp, 319 Att, 2607 Yds, 13 TD",1988
Ty Detmer,QB,"83 Cmp, 153 Att, 1252 Yds, 13 TD",1988
Matt Bellini,RB,"98 Att, 488 Yds, 5.0 Avg",1988
Fred Whittingham,RB,"88 Att, 513 Yds, 5.8 Avg",1988
Mike O'Brien,RB,"30 Att, 87 Yds, 2.9 Avg",1988
Mike Salido,RB,"61 Att, 336 Yds, 5.5 Avg",1988
Eric Mortensen,RB,"20 Att, 116 Yds, 5.8 Avg",1988
Stacey Corley,RB,"15 Att, 76 Yds, 5.1 Avg",1988
Alema Harrington,RB,"10 Att, 68 Yds, 6.8 Avg",1988
Michael Brooks,RB,"7 Att, 13 Yds, 1.9 Avg",1988
Sim Tiatia,RB,,1988
Chuck Cutler,WR,"64 Rec, 1039 Yds, 16.2 Avg",1988
Jeff Frandsen,WR,"20 Rec, 417 Yds, 20.9 Avg",1988
Bryce Doman,WR,"10 Rec, 237 Yds, 23.7 Avg",1988
Tyler Anderson,WR,"6 Rec, 159 Yds, 26.5 Avg",1988
Mail Odle,WR,"3 Rec, 30 Yds, 10.0 Avg",1988
Darren Handley,TE,"34 Rec, 430 Yds, 12.6 Avg",1988
Travis McBeth,TE,"12 Rec, 123 Yds, 10.3 Avg",1988
Chris Smith,TE,"9 Rec, 121 Yds, 13.4 Avg",1988
Don Busenbark,OL,,1988
John Hunter,OL,,1988
Phil Nauahi,OL,,1988
Warren Wheat,OL,,1988
Brian White,OL,,1988
Mohammed Elewonibi,OL,,1988
Jason Chaffetz,K,,1988
Earl Kauffman,K,,1988
Tim Clark,DL,,1988
Tim Knight,DL,,1988
Budd Orr,DL,,1988
Pete Harston,DL,,1988
Mark Smith,DL,,1988
Bob Davis,LB,,1988
Regan Hansen,LB,,1988
Duane Johnson,LB,,1988
Chad Robinson,LB,,1988
Marc Neal,LB,,1988
Rocky Biegel,LB,,1988
Eric Bergeson,DB,,1988
Troy Long,DB,,1988
Scott Peterson,DB,,1988
Rodney Rice,DB,,1988
Norm Dixon,DB,,1988
Brian Mitchell,DB,,1988
Josh Arnold,DB,,1988
Tony Crutchfield,DB,,1988
Ervin Lee,DB,,1988
Pat Thompson,P,,1988
Ty Detmer,QB,"265 Cmp, 412 Att, 4560 Yds, 32 TD",1989
Sean Covey,QB,"14 Cmp, 21 Att, 172 Yds, 1 TD",1989
Fred Whittingham,RB,"109 Att, 582 Yds, 5.3 Avg",1989
Matt Bellini,RB,"90 Att, 389 Yds, 4.3 Avg",1989
Stacey Corley,RB,"53 Att, 457 Yds, 8.6 Avg",1989
Eric Mortensen,RB,"32 Att, 164 Yds, 5.1 Avg",1989
Peter Tuipulotu,RB,"30 Att, 195 Yds, 6.5 Avg",1989
Scott Charlton,RB,"9 Att, 43 Yds, 4.8 Avg",1989
Brad Clark,RB,"4 Att, 26 Yds, 6.5 Avg",1989
Chad Knowles,RB,"1 Att, 8 Yds, 8.0 Avg",1989
Andy Boyce,WR,"39 Rec, 712 Yds, 18.3 Avg",1989
Jeff Frandsen,WR,"32 Rec, 596 Yds, 18.6 Avg",1989
Nati Valdez,WR,"6 Rec, 76 Yds, 12.7 Avg",1989
Brent Nyberg,WR,"18 Rec, 315 Yds, 17.5 Avg",1989
Matt Odle,WR,"16 Rec, 330 Yds, 20.6 Avg",1989
Micah Matsuzaki,WR,"9 Rec, 174 Yds, 19.3 Avg",1989
Chris Smith,TE,"60 Rec, 1090 Yds, 18.2 Avg",1989
Matt Zundel,TE,"3 Rec, 49 Yds, 16.3 Avg",1989
Fotu Katoa,TE,"1 Rec, 15 Yds, 15.0 Avg",1989
Jim Balmforth,OL,,1989
Mohammed Elewonibi,OL,,1989
Neal Fort,OL,,1989
Robert Stephens,OL,,1989
Mike Keim,OL,,1989
Jason Chaffetz,K,,1989
Tim Adams,DL,,1989
Rich Kaufusi,DL,,1989
Budd Orr,DL,,1989
Rocky Biegel,LB,,1989
Bob Davis,LB,,1989
Duane Johnson,LB,,1989
Chad Robinson,LB,,1989
Mark Smith,LB,,1989
Byron Beatty,LB,,1989
Shad Hansen,LB,,1989
Eric Bergeson,DB,,1989
Tony Crutchfield,DB,,1989
Norm Dixon,DB,,1989
Brian Mitchell,DB,,1989
Troy Fuller,DB,,1989
Josh Arnold,DB,,1989
Derwin Gray,DB,,1989
David Henderson,DB,,1989
Earl Kauffman,P,,1989
Ty Detmer,QB,"361 Cmp, 562 Att, 5188 Yds, 41 TD",1990
Joe Evans,QB,"11 Cmp, 16 Att, 148 Yds, 0 TD",1990
Brent Smith,QB,,1990
Brock Spencer,QB,,1990
Matt Bellini,RB,"59 Rec, 601 Yds, 10.2 Avg",1990
Peter Tuipulotu,RB,"98 Att, 637 Yds, 6.5 Avg",1990
Stacey Corley,RB,"70 Att, 288 Yds, 4.1 Avg",1990
Mike Salido,RB,"68 Att, 410 Yds, 6.0 Avg",1990
Scott Charlton,RB,"37 Att, 168 Yds, 4.5 Avg",1990
Eric Mortensen,RB,"18 Att, 70 Yds, 3.9 Avg",1990
Brad Clark,RB,"7 Att, 25 Yds, 3.6 Avg",1990
Andy Boyce,WR,"79 Rec, 1241 Yds, 15.7 Avg",1990
Brent Nyberg,WR,"47 Rec, 816 Yds, 17.4 Avg",1990
Micah Matsuzaki,WR,"26 Rec, 493 Yds, 19.0 Avg",1990
Nati Valdez,WR,"8 Rec, 106 Yds, 13.3 Avg",1990
Eric Drage,WR,"6 Rec, 87 Yds, 14.5 Avg",1990
Chris Smith,TE,"68 Rec, 1156 Yds, 17.0 Avg",1990
Matt Zundel,TE,"5 Rec, 92 Yds, 18.4 Avg",1990
Byron Rex,TE,"4 Rec, 50 Yds, 12.5 Avg",1990
Neal Fort,OL,,1990
Jim Balmforth,OL,,1990
Mike Keim,OL,,1990
Brian May,OL,,1990
Robert Stephens,OL,,1990
Earl Kauffman,K,,1990
Keith Lever,K,,1990
Pete Harston,DL,,1990
Rich Kaufusi,DL,,1990
Mark Smith,DL,,1990
Eddie Green,DL,,1990
Rick Wilson,DL,,1990
Rocky Biegel,LB,,1990
Alema Fitisemanu,LB,,1990
Scott Giles,LB,,1990
Shad Hansen,LB,,1990
Jared Leavitt,LB,,1990
Josh Arnold,DB,,1990
Tony Crutchfield,DB,,1990
Derwin Gray,DB,,1990
Brian Mitchell,DB,,1990
Norm Dixon,DB,,1990
Tau Harrington,DB,,1990
David Henderson,DB,,1990
Ervin Lee,DB,,1990
Joe Herrick,P,,1990
Brad Hunter,P,,1990
Sim Tiatia,KR,,1990
Ty Detmer,QB,"249 Cmp, 403 Att, 4031 Yds, 35 TD",1991
John Walsh,QB,"8 Cmp, 16 Att, 94 Yds, 0 TD",1991
Peter Tuipulotu,RB,"125 Att, 619 Yds, 5.0 Avg",1991
Jamal Willis,RB,"86 Att, 520 Yds, 6.0 Avg",1991
Mark Atuaia,RB,"76 Att, 361 Yds, 4.8 Avg",1991
Eric Mortensen,RB,"21 Att, 92 Yds, 4.4 Avg",1991
Brad Clark,RB,"10 Att, 45 Yds, 4.5 Avg",1991
Scott Charlton,RB,,1991
Micah Matsuzaki,WR,"26 Rec, 437 Yds, 16.8 Avg",1991
Eric Drage,WR,"46 Rec, 1018 Yds, 22.1 Avg",1991
Tyler Anderson,WR,"14 Rec, 293 Yds, 20.9 Avg",1991
Itula Mili,WR,"10 Rec, 128 Yds, 12.8 Avg",1991
Erik Hughes,WR,"2 Rec, 11 Yds, 5.5 Avg",1991
Nati Valdez,WR,"24 Rec, 338 Yds, 14.1 Avg",1991
Otis Sterling,WR,"5 Rec, 66 Yds, 13.2 Avg",1991
Bryce Doman,WR,"4 Rec, 88 Yds, 22.0 Avg",1991
Tim Nowatzke,WR,"4 Rec, 58 Yds, 14.5 Avg",1991
Byron Rex,TE,"38 Rec, 547 Yds, 14.4 Avg",1991
Matt Zundel,TE,"1 Rec, 1 Yds, 1.0 Avg",1991
Tom Ladd,OL,,1991
Eli Herring,OL,,1991
Bryan May,OL,,1991
Garry Pay,OL,,1991
Garett Tujague,OL,,1991
Scott Brumfield,OL,,1991
Mike Empey,OL,,1991
Earl Kauffman,K,,1991
Keith Lever,K,,1991
Randy Brock,DL,,1991
Lenny Gomes,DL,,1991
Greg Pitts,DL,,1991
Scott Sralla,DL,,1991
Rocky Biegel,LB,,1991
Scott Giles,LB,,1991
Shad Hansen,LB,,1991
Jared Leavitt,LB,,1991
Kevin Nicoll,LB,,1991
Bill Bryant,LB,,1991
Josh Arnold,DB,,1991
Tony Crutchfield,DB,,1991
Derwin Gray,DB,,1991
Ervin Lee,DB,,1991
Patrick Mitchell,DB,,1991
Paul Pitts,DB,,1991
Kapi Sikahema,DB,,1991
Joe Herrick,P,,1991
Brad Hunter,P,,1991
Jason Schmidt,KR,,1991
Ryan Hancock,QB,"165 Cmp, 288 Att, 2635 Yds, 17 TD",1992
John Walsh,QB,"52 Cmp, 100 Att, 857 Yds, 9 TD",1992
Steve Clements,QB,"3 Cmp, 13 Att, 57 Yds, 0 TD",1992
Tom Young,QB,"1 Cmp, 3 Att, 7 Yds, 0 TD",1992
Jamal Willis,RB,"204 Att, 1004 Yds, 4.9 Avg",1992
Kalin Hall,RB,"138 Att, 742 Yds, 5.4 Avg",1992
Hema Heimuli,RB,"41 Att, 156 Yds, 3.8 Avg",1992
Steve Christensen,RB,"22 Att, 128 Yds, 5.8 Avg",1992
Chad Knowles,RB,"3 Att, 13 Yds, 4.3 Avg",1992
Tyler Anderson,WR,"11 Rec, 249 Yds, 22.6 Avg",1992
Eric Drage,WR,"56 Rec, 1093 Yds, 19.5 Avg",1992
Otis Sterling,WR,"25 Rec, 553 Yds, 22.1 Avg",1992
Bryce Doman,WR,"19 Rec, 275 Yds, 14.5 Avg",1992
Tim Nowatzke,WR,"6 Rec, 119 Yds, 19.8 Avg",1992
Nati Valdez,WR,"1 Rec, 4 Yds, 4.0 Avg",1992
Erik Hughes,WR,,1992
Mike Johnston,WR,,1992
Byron Rex,TE,"45 Rec, 612 Yds, 13.6 Avg",1992
Terence Saluone,TE,"4 Rec, 73 Yds, 18.3 Avg",1992
Scott Brumfield,OL,,1992
Jim Edwards,OL,,1992
Garry Pay,OL,,1992
Evan Pilgrim,OL,,1992
Eli Herring,OL,,1992
David Lauder,K,,1992
Randy Brock,DL,,1992
Lenny Gomes,DL,,1992
Kevin Nicoll,DL,,1992
Greg Pitts,DL,,1992
Nathan Hall,LB,,1992
Shad Hansen,LB,,1992
Todd Herget,LB,,1992
Barrett Awai,LB,,1992
Ted Dawson,LB,,1992
Scott Merkley,LB,,1992
Brad Clark,DB,,1992
Derwin Gray,DB,,1992
Patrick Mitchell,DB,,1992
Vic Tarleton,DB,,1992
Hassan McCullough,DB,,1992
Brad Hunter,P,,1992
Joe Herrick,P,,1992
John Walsh,QB,"244 Cmp, 397 Att, 3727 Yds, 28 TD",1993
Tom Young,QB,"17 Cmp, 32 Att, 130 Yds, 2 TD",1993
Steve Clements,QB,"17 Cmp, 29 Att, 203 Yds, 1 TD",1993
Kalin Hall,RB,"113 Att, 567 Yds, 5.0 Avg",1993
Jamal Willis,RB,"90 Att, 404 Yds, 4.5 Avg",1993
Hema Heimuli,RB,"50 Att, 269 Yds, 5.4 Avg",1993
Steve Christensen,RB,"26 Att, 107 Yds, 4.1 Avg",1993
Chad Knowles,RB,"7 Att, 14 Yds, 2.0 Avg",1993
Rob Morris,RB,"2 Att, 0 Yds, 0.0 Avg",1993
T.D. Biegel,RB,"1 Att, 7 Yds, 7.0 Avg",1993
Eric Drage,WR,"54 Rec, 867 Yds, 16.1 Avg",1993
Bryce Doman,WR,"36 Rec, 455 Yds, 12.6 Avg",1993
Tyler Anderson,WR,"21 Rec, 358 Yds, 17.0 Avg",1993
Tim Nowatzke,WR,"23 Rec, 364 Yds, 15.8 Avg",1993
Micah Matsuzaki,WR,"30 Rec, 500 Yds, 16.7 Avg",1993
Kaipo McGuire,WR,"1 Rec, 12 Yds, 12.0 Avg",1993
Terence Saluone,TE,"25 Rec, 344 Yds, 13.8 Avg",1993
Chad Lewis,TE,"11 Rec, 172 Yds, 15.6 Avg",1993
Tom Baldwin,TE,,1993
Jim Edwards,OL,,1993
Mike Empey,OL,,1993
Eli Herring,OL,,1993
Evan Pilgrim,OL,,1993
Ron Simmons,OL,,1993
Tim Hanshaw,OL,,1993
Joe Herrick,K,,1993
Randy Brock,DL,,1993
Lenny Gomes,DL,,1993
Travis Hall,DL,,1993
Greg Pitts,DL,,1993
Brian Hughes,DL,,1993
Nathan Hall,LB,,1993
Todd Herget,LB,,1993
Shay Muirbrook,LB,,1993
Wayland Hickman,LB,,1993
Cory Cook,DB,,1993
Jack Damuni,DB,,1993
Patrick Mitchell,DB,,1993
Vic Tarleton,DB,,1993
Frank Christianson,DB,,1993
Casey Mazzotta,DB,,1993
Jeff Lindstrom,DB,,1993
Alan Boardman,P,,1993
Mike Johnston,KR,,1993
John Walsh,QB,"284 Cmp, 463 Att, 3712 Yds, 29 TD",1994
Steve Clements,QB,"2 Cmp, 10 Att, 25 Yds, 0 TD",1994
Jamal Willis,RB,"204 Att, 1042 Yds, 5.1 Avg",1994
Hema Heimuli,RB,"126 Att, 552 Yds, 4.4 Avg",1994
Mark Atuaia,RB,"38 Att, 147 Yds, 3.9 Avg",1994
Kalani Fifita,RB,"16 Att, 112 Yds, 7.0 Avg",1994
Tefua Bloomfield,RB,"12 Att, 77 Yds, 6.4 Avg",1994
Chad Knowles,RB,"1 Att, 5 Yds, 5.0 Avg",1994
Bryce Doman,WR,"35 Rec, 502 Yds, 14.3 Avg",1994
Tim Nowatzke,WR,"47 Rec, 601 Yds, 12.8 Avg",1994
Kaipo McGuire,WR,"15 Rec, 201 Yds, 13.4 Avg",1994
Mike Johnston,WR,"31 Rec, 423 Yds, 13.6 Avg",1994
Tyler Bolli,WR,"2 Rec, 32 Yds, 16.0 Avg",1994
Jason Cooper,WR,"1 Rec, 14 Yds, 14.0 Avg",1994
Chad Lewis,TE,"32 Rec, 328 Yds, 10.3 Avg",1994
Itula Mili,TE,"33 Rec, 503 Yds, 15.2 Avg",1994
Tom Baldwin,TE,,1994
Jim Edwards,OL,,1994
Tim Hanshaw,OL,,1994
Eli Herring,OL,,1994
James Johnson,OL,,1994
Evan Pilgrim,OL,,1994
David Lauder,K,,1994
Randy Brock,DL,,1994
Travis Hall,DL,,1994
John Raass,DL,,1994
Mike Ulufale,DL,,1994
Greg Pitts,DL,,1994
Scott Albrecht,LB,,1994
Shay Muirbrook,LB,,1994
Stan Raass,LB,,1994
Dennis Simmons,LB,,1994
Cory Cook,DB,,1994
Patrick Mitchell,DB,,1994
Jon Pollack,DB,,1994
Dermmell Reed,DB,,1994
Jamie Cook,DB,,1994
Jack Damuni,DB,,1994
Lane Hale,DB,,1994
James Heggins,DB,,1994
Eddie Sampson,DB,,1994
Alan Boardman,P,,1994
Steve Sarkisian,QB,"250 Cmp, 385 Att, 3437 Yds, 20 TD",1995
Paul Shoemaker,QB,"2 Cmp, 3 Att, 32 Yds, 0 TD",1995
Chris Bisgaard,QB,,1995
Mark Atuaia,RB,"101 Att, 374 Yds, 3.7 Avg",1995
Hema Heimula,RB,,1995
Hema Heimuli,RB,"112 Att, 449 Yds, 4.0 Avg",1995
Tefua Bloomfield,RB,"54 Att, 263 Yds, 4.9 Avg",1995
Itula Mili,RB,"36 Rec, 440 Yds, 12.2 Avg",1995
Dustin Johnson,RB,"5 Att, 71 Yds, 14.2 Avg",1995
Aaron Cupp,RB,"3 Att, 16 Yds, 5.3 Avg",1995
Mike Johnston,WR,"40 Rec, 650 Yds, 16.3 Avg",1995
Kaipo McGuire,WR,"24 Rec, 359 Yds, 15.0 Avg",1995
K.O. Kealaluhi,WR,"28 Rec, 483 Yds, 17.3 Avg",1995
Jason Cooper,WR,"20 Rec, 295 Yds, 14.8 Avg",1995
Chad Lewis,TE,"31 Rec, 456 Yds, 14.7 Avg",1995
Tom Baldwin,TE,"6 Rec, 65 Yds, 10.8 Avg",1995
Noah Parks,TE,"1 Rec, 23 Yds, 23.0 Avg",1995
Elias Faupula,OL,,1995
James Johnson,OL,,1995
Matt Meservey,OL,,1995
Larry Moore,OL,,1995
Morris Unutoa,OL,,1995
Matt Cox,OL,,1995
Bill Hansen,K,,1995
Henry Bloomfield,DL,,1995
Ed Kehl,DL,,1995
John Raass,DL,,1995
Matt Redden,DL,,1995
Mike Ulufale,DL,,1995
Brad Martin,LB,,1995
Shay Muirbrook,LB,,1995
Stan Raass,LB,,1995
Dennis Simmons,LB,,1995
Jamie Cook,DB,,1995
Tim McTyer,DB,,1995
Dermmell Reed,DB,,1995
Eddie Sampson,DB,,1995
James Dye,DB,,1995
Alan Boardman,P,,1995
Steve Sarkisian,QB,"278 Cmp, 404 Att, 4027 Yds, 33 TD",1996
Paul Shoemaker,QB,"7 Cmp, 10 Att, 73 Yds, 2 TD",1996
Kevin Feterik,QB,"5 Cmp, 8 Att, 26 Yds, 1 TD",1996
Chris Bisgaard,QB,"1 Cmp, 1 Att, 17 Yds, 0 TD",1996
Mark Atuaia,RB,"86 Att, 365 Yds, 4.2 Avg",1996
Dustin Johnson,RB,"45 Att, 249 Yds, 5.5 Avg",1996
Brian McKenzie,RB,"167 Att, 950 Yds, 5.7 Avg",1996
Ronney Jenkins,RB,"128 Att, 733 Yds, 5.7 Avg",1996
Chris Stevens,RB,"38 Att, 138 Yds, 3.6 Avg",1996
Ned Stearns,RB,"7 Att, 17 Yds, 2.4 Avg",1996
Aaron Cupp,RB,"5 Att, 40 Yds, 8.0 Avg",1996
K.O. Kealaluhi,WR,"49 Rec, 901 Yds, 18.4 Avg",1996
Kaipo McGuire,WR,"42 Rec, 658 Yds, 15.7 Avg",1996
James Dye,WR,"15 Rec, 182 Yds, 12.1 Avg",1996
Ben Cahoon,WR,"11 Rec, 166 Yds, 15.1 Avg",1996
R.J. Anderson,WR,"1 Rec, 9 Yds, 9.0 Avg",1996
Tyler Bolli,WR,"1 Rec, 4 Yds, 4.0 Avg",1996
Cliff Doman,WR,,1996
Chad Lewis,TE,"37 Rec, 420 Yds, 11.4 Avg",1996
Itula Mili,TE,"46 Rec, 692 Yds, 15.0 Avg",1996
Brandon Condie,TE,"1 Rec, 6 Yds, 6.0 Avg",1996
John Moala,TE,"1 Rec, 18 Yds, 18.0 Avg",1996
Eric Bateman,OL,,1996
Matt Cox,OL,,1996
James Johnson,OL,,1996
Larry Moore,OL,,1996
John Tait,OL,,1996
Jason Anderson,OL,,1996
Ethan Pochman,K,,1996
Courtney Smith,K,,1996
Harland Ah You,DL,,1996
Henry Bloomfield,DL,,1996
Byron Frisch,DL,,1996
Ed Kehl,DL,,1996
Ed Lamp,DL,,1996
Daren Yancey,DL,,1996
Brad Martin,LB,,1996
Shay Muirbrook,LB,,1996
Spencer Reid,LB,,1996
Jeff Ellis,LB,,1996
Dennis Simmons,LB,,1996
Derik Stevenson,LB,,1996
Chris Ellison,DB,,1996
Tim McTyer,DB,,1996
Omarr Morgan,DB,,1996
Jason Walker,DB,,1996
Ben Cook,DB,,1996
Lane Hale,DB,,1996
Eddie Sampson,DB,,1996
Alan Boardman,P,,1996
Kevin Feterik,QB,"125 Cmp, 208 Att, 1767 Yds, 11 TD",1997
Drew Miller,QB,"37 Cmp, 67 Att, 430 Yds, 3 TD",1997
Paul Shoemaker,QB,"22 Cmp, 50 Att, 303 Yds, 1 TD",1997
Shane Barlow,QB,,1997
Brian McKenzie,RB,"218 Att, 1004 Yds, 4.6 Avg",1997
Aaron Cupp,RB,"20 Rec, 251 Yds, 12.6 Avg",1997
Will Snowden,RB,"36 Att, 122 Yds, 3.4 Avg",1997
Jaron Dabney,RB,"19 Att, 117 Yds, 6.2 Avg",1997
Kalani Sitake,RB,"8 Att, 12 Yds, 1.5 Avg",1997
Tyrone Brown,RB,"1 Att, -2 Yds, -2.0 Avg",1997
Chris Stevens,RB,"1 Att, 6 Yds, 6.0 Avg",1997
Ben Cahoon,WR,"57 Rec, 931 Yds, 16.3 Avg",1997
Aaron Roderick,WR,"14 Rec, 250 Yds, 17.9 Avg",1997
Margin Hooks,WR,"19 Rec, 324 Yds, 17.1 Avg",1997
R.J. Anderson,WR,"3 Rec, 33 Yds, 11.0 Avg",1997
Cliff Doman,WR,"1 Rec, 9 Yds, 9.0 Avg",1997
Ben Horton,WR,,1997
Dustin Johnson,TE,"33 Rec, 394 Yds, 11.9 Avg",1997
John Moala,TE,"3 Rec, 38 Yds, 12.7 Avg",1997
Tevita Ofahengaue,TE,,1997
Jason Anderson,OL,,1997
Eric Bateman,OL,,1997
Matt Cox,OL,,1997
John Tait,OL,,1997
Joe Young,OL,,1997
J.D. Hartsfield,K,,1997
Owen Pochman,K,,1997
Byron Frisch,DL,,1997
Ed Kehl,DL,,1997
Issiah Magalei,DL,,1997
Daren Yancey,DL,,1997
Brad Martin,LB,,1997
Rob Morris,LB,,1997
Spencer Reid,LB,,1997
Donny Atuaia,LB,,1997
Omarr Morgan,DB,,1997
Ben Cook,DB,,1997
Tyler Nelson,DB,,1997
Jason Walker,DB,,1997
Derik Bates,DB,,1997
Jack Williams,DB,,1997
Tony Fields,DB,,1997
Tevita Liava'a,DB,,1997
Jesse Sowards,P,,1997
Kevin Feterik,QB,"202 Cmp, 336 Att, 2718 Yds, 16 TD",1998
Drew Miller,QB,"23 Cmp, 45 Att, 332 Yds, 2 TD",1998
Brandon Doman,QB,"1 Cmp, 2 Att, 30 Yds, 0 TD",1998
Ronney Jenkins,RB,"252 Att, 1307 Yds, 5.2 Avg",1998
Kalani Sitake,RB,"15 Rec, 129 Yds, 8.6 Avg",1998
Reno Mahe,RB,"98 Att, 481 Yds, 4.9 Avg",1998
Aaron Cupp,RB,"26 Att, 140 Yds, 5.4 Avg",1998
Will Snowden,RB,"15 Att, 81 Yds, 5.4 Avg",1998
Donny Atuaia,RB,"8 Rec, 59 Yds, 7.4 Avg",1998
Tyrone Brown,RB,"2 Att, 5 Yds, 2.5 Avg",1998
Mike Shiffler,RB,,1998
Margin Hooks,WR,"49 Rec, 732 Yds, 14.9 Avg",1998
Ben Horton,WR,"25 Rec, 468 Yds, 18.7 Avg",1998
Mike Rigell,WR,"18 Rec, 331 Yds, 18.4 Avg",1998
Aaron Roderick,WR,"11 Rec, 143 Yds, 13.0 Avg",1998
Michael Westbrook,WR,"1 Rec, 14 Yds, 14.0 Avg",1998
Tevita Ofahengame,TE,,1998
Tevita Ofahengaue,TE,"19 Rec, 264 Yds, 13.9 Avg",1998
Carlos Nuno,TE,"13 Rec, 207 Yds, 15.9 Avg",1998
Matt Johnson,OL,,1998
Jimmy Richards,OL,,1998
Kalani Skiba,OL,,1998
John Tait,OL,,1998
Joe Wong,OL,,1998
Owen Pochman,K,,1998
Byron Frisch,DL,,1998
Ed Kehl,DL,,1998
Issiah Magalei,DL,,1998
Daren Yancey,DL,,1998
Chris Hoke,DL,,1998
Hans Olsen,DL,,1998
Brad Martin,LB,,1998
Rob Morris,LB,,1998
Derik Stevenson,LB,,1998
Justin Ena,LB,,1998
Chris Ellison,DB,,1998
Brian Gray,DB,,1998
Heshi Robertson,DB,,1998
Jason Walker,DB,,1998
Jason Anderson,DB,,1998
J.D. Hartsfield,P,,1998
Jesse Sowards,P,,1998
Kevin Feterik,QB,"277 Cmp, 452 Att, 3554 Yds, 25 TD",1999
Bret Engemann,QB,"3 Cmp, 4 Att, 13 Yds, 0 TD",1999
Brandon Doman,QB,"0 Cmp, 2 Att, 0 Yds, 0 TD",1999
Charlie Peterson,QB,,1999
Fahu Tahi,RB,"102 Att, 445 Yds, 4.4 Avg",1999
Kalani Sitake,RB,"24 Att, 109 Yds, 4.5 Avg",1999
Luke Staley,RB,"92 Att, 432 Yds, 4.7 Avg",1999
Jaron Dabney,RB,"26 Att, 76 Yds, 2.9 Avg",1999
Will Snowden,RB,"15 Att, 48 Yds, 3.2 Avg",1999
Donny Atuaia,RB,"24 Rec, 228 Yds, 9.5 Avg",1999
Ned Stearns,RB,"4 Att, 11 Yds, 2.8 Avg",1999
Mike Nielsen,RB,"1 Rec, 9 Yds, 9.0 Avg",1999
Margin Hooks,WR,"60 Rec, 1067 Yds, 17.8 Avg",1999
Ben Horton,WR,"43 Rec, 472 Yds, 11.0 Avg",1999
Jonathan Pittman,WR,"29 Rec, 478 Yds, 16.5 Avg",1999
Michael Westbrook,WR,"9 Rec, 65 Yds, 7.2 Avg",1999
Chris Hale,WR,"4 Rec, 55 Yds, 13.8 Avg",1999
Carlos Nuno,TE,"11 Rec, 135 Yds, 12.3 Avg",1999
Tevita Ofahengaue,TE,"21 Rec, 284 Yds, 13.5 Avg",1999
Doug Jolley,TE,"6 Rec, 63 Yds, 10.5 Avg",1999
Bristol Olomua,TE,"2 Rec, 16 Yds, 8.0 Avg",1999
Tevita Ofahengame,TE,,1999
Matt Johnson,OL,,1999
Aaron McCubbins,OL,,1999
Ford Poston,OL,,1999
Jimmy Richards,OL,,1999
Kalani Skiba,OL,,1999
Owen Pochman,K,,1999
Byron Frisch,DL,,1999
Setema Gali,DL,,1999
Chris Hoke,DL,,1999
Hans Olsen,DL,,1999
Ryan Denney,DL,,1999
Chris Watkins,DL,,1999
Justin Ena,LB,,1999
Josh Lowe,LB,,1999
Rob Morris,LB,,1999
Isaac Kelley,LB,,1999
Jeff Holtry,LB,,1999
Brian Gray,DB,,1999
Jared Lee,DB,,1999
Tyler Nelson,DB,,1999
Heshi Robertson,DB,,1999
Elan Edwards,DB,,1999
Tyson Smith,DB,,1999
Jernaro Gilford,DB,,1999
Jesse Sowards,P,,1999
Cliff Doman,PR,,1999
Bret Engemann,QB,"72 Cmp, 134 Att, 896 Yds, 3 TD",2000
Charlie Peterson,QB,"149 Cmp, 260 Att, 1617 Yds, 6 TD",2000
Brandon Doman,QB,"51 Cmp, 92 Att, 782 Yds, 2 TD",2000
Luke Staley,RB,"130 Att, 479 Yds, 3.7 Avg",2000
Kalani Sitake,RB,"25 Att, 100 Yds, 4.0 Avg",2000
Jared Harper,RB,,2000
Brian McDonald,RB,"101 Att, 464 Yds, 4.6 Avg",2000
Marcus Whalen,RB,"38 Att, 209 Yds, 5.5 Avg",2000
Will Snowden,RB,"13 Rec, 98 Yds, 7.5 Avg",2000
Ned Stearns,RB,"3 Att, 2 Yds, 0.7 Avg",2000
Mike Nielsen,RB,"1 Rec, -2 Yds, -2.0 Avg",2000
Paul Peterson,RB,,2000
David Christensen,RB,,2000
Margin Hooks,WR,"61 Rec, 718 Yds, 11.8 Avg",2000
Jonathan Pittman,WR,"38 Rec, 691 Yds, 18.2 Avg",2000
Mike Rigell,WR,"21 Rec, 220 Yds, 10.5 Avg",2000
Ben Horton,WR,"23 Rec, 278 Yds, 12.1 Avg",2000
Soren Halladay,WR,"5 Rec, 86 Yds, 17.2 Avg",2000
Tevita Ofahengame,TE,,2000
Doug Jolley,TE,"14 Rec, 213 Yds, 15.2 Avg",2000
Tevita Ofahengaue,TE,"22 Rec, 305 Yds, 13.9 Avg",2000
Gabriel Reid,TE,"4 Rec, 50 Yds, 12.5 Avg",2000
Ben Archibald,OL,,2000
Aaron McCubbins,OL,,2000
Dustin Rykert,OL,,2000
Jason Scukanee,OL,,2000
Teag Whiting,OL,,2000
Kam Valgardson,OL,,2000
Aaron Edmonds,K,,2000
Owen Pochman,K,,2000
Ryan Denney,DL,,2000
Setema Gali,DL,,2000
Chris Hoke,DL,,2000
Hans Olsen,DL,,2000
Brett Keisel,DL,,2000
Justin Ena,LB,,2000
Isaac Kelley,LB,,2000
Paul Walkenhorst,LB,,2000
Josh Lowe,LB,,2000
Jared Lee,DB,,2000
Danny Phillips,DB,,2000
Tyson Smith,DB,,2000
Dustin Staley,DB,,2000
Michael Lafitte,DB,,2000
Michael Madsen,DB,,2000
Derrus Wilson,DB,,2000
_ Christenson,,,2000
Ryan Skinner,,,2000
