player,class,pos,summary,year,school,coach,Player,Class,Pos,Summary,Year,School,Coach
Jeff Fleming,SO,QB,"87 Cmp, 172 Att, 789 Yds, 4 TD",2009,New Mexico State,DeWayne Walker,NA,NA,NA,NA,NA,NA,NA
Trevor Walls,SO,QB,"46 Cmp, 94 Att, 352 Yds, 2 TD",2009,New Mexico State,DeWayne Walker,NA,NA,NA,NA,NA,NA,NA
Victor Johnson,FR,RB,,2009,New Mexico State,DeWayne Walker,NA,NA,NA,NA,NA,NA,NA
Donavan Roberts,SO,RB,,2009,New Mexico State,DeWayne Walker,NA,NA,NA,NA,NA,NA,NA
Seth Smith,JR,RB,"246 Att, 1016 Yds, 4.1 Avg",2009,New Mexico State,DeWayne Walker,NA,NA,NA,NA,NA,NA,NA
Tonny Glynn,SR,RB,"66 Att, 295 Yds, 4.5 Avg",2009,New Mexico State,DeWayne Walker,NA,NA,NA,NA,NA,NA,NA
Marquell Colston,SR,RB,"60 Att, 249 Yds, 4.2 Avg",2009,New Mexico State,DeWayne Walker,NA,NA,NA,NA,NA,NA,NA
Robert Clay,FR,RB,"10 Att, 16 Yds, 1.6 Avg",2009,New Mexico State,DeWayne Walker,NA,NA,NA,NA,NA,NA,NA
Ronald Opetaia,SO,RB,"4 Rec, 29 Yds, 7.3 Avg",2009,New Mexico State,DeWayne Walker,NA,NA,NA,NA,NA,NA,NA
William Bullock,JR,WR,"4 Rec, 48 Yds, 12.0 Avg",2009,New Mexico State,DeWayne Walker,NA,NA,NA,NA,NA,NA,NA
Darrius Preston,SO,WR,"1 Rec, 3 Yds, 3.0 Avg",2009,New Mexico State,DeWayne Walker,NA,NA,NA,NA,NA,NA,NA
Todd Lee,SO,WR,"28 Rec, 280 Yds, 10.0 Avg",2009,New Mexico State,DeWayne Walker,NA,NA,NA,NA,NA,NA,NA
Marcus Allen,JR,WR,"26 Rec, 308 Yds, 11.8 Avg",2009,New Mexico State,DeWayne Walker,NA,NA,NA,NA,NA,NA,NA
Marcus Anderson,SR,WR,"22 Rec, 208 Yds, 9.5 Avg",2009,New Mexico State,DeWayne Walker,NA,NA,NA,NA,NA,NA,NA
Julius Fleming,SO,WR,"4 Rec, 27 Yds, 6.8 Avg",2009,New Mexico State,DeWayne Walker,NA,NA,NA,NA,NA,NA,NA
Donyae Coleman,JR,WR,"1 Rec, 8 Yds, 8.0 Avg",2009,New Mexico State,DeWayne Walker,NA,NA,NA,NA,NA,NA,NA
Stephon Hatchett,JR,WR,,2009,New Mexico State,DeWayne Walker,NA,NA,NA,NA,NA,NA,NA
Kyle Nelson,JR,TE,"12 Rec, 112 Yds, 9.3 Avg",2009,New Mexico State,DeWayne Walker,NA,NA,NA,NA,NA,NA,NA
Kyle Hipp,JR,TE,"4 Rec, 23 Yds, 5.8 Avg",2009,New Mexico State,DeWayne Walker,NA,NA,NA,NA,NA,NA,NA
Ronny Torres,JR,TE,,2009,New Mexico State,DeWayne Walker,NA,NA,NA,NA,NA,NA,NA
Dwayne Barton,JR,OL,,2009,New Mexico State,DeWayne Walker,NA,NA,NA,NA,NA,NA,NA
Sioeli Fakalata,SR,OL,,2009,New Mexico State,DeWayne Walker,NA,NA,NA,NA,NA,NA,NA
Chris Romero,SR,OL,,2009,New Mexico State,DeWayne Walker,NA,NA,NA,NA,NA,NA,NA
Kyle Hughes,SO,K,,2009,New Mexico State,DeWayne Walker,NA,NA,NA,NA,NA,NA,NA
Jordan Davenport,SO,K,,2009,New Mexico State,DeWayne Walker,NA,NA,NA,NA,NA,NA,NA
Justen Alford,SR,DL,,2009,New Mexico State,DeWayne Walker,NA,NA,NA,NA,NA,NA,NA
E.J. Cannon,SR,DL,,2009,New Mexico State,DeWayne Walker,NA,NA,NA,NA,NA,NA,NA
Matt Collins,SO,DL,,2009,New Mexico State,DeWayne Walker,NA,NA,NA,NA,NA,NA,NA
Vincent Federico,JR,DL,,2009,New Mexico State,DeWayne Walker,NA,NA,NA,NA,NA,NA,NA
Pierre Fils,SO,DL,,2009,New Mexico State,DeWayne Walker,NA,NA,NA,NA,NA,NA,NA
John Finau,JR,DL,,2009,New Mexico State,DeWayne Walker,NA,NA,NA,NA,NA,NA,NA
Kawika Shook,SR,DL,,2009,New Mexico State,DeWayne Walker,NA,NA,NA,NA,NA,NA,NA
Branden Warner,JR,DL,,2009,New Mexico State,DeWayne Walker,NA,NA,NA,NA,NA,NA,NA
Ka'Ua Adolpho,JR,DL,,2009,New Mexico State,DeWayne Walker,NA,NA,NA,NA,NA,NA,NA
Donte Savage,SO,DL,,2009,New Mexico State,DeWayne Walker,NA,NA,NA,NA,NA,NA,NA
Bj Adolpho,FR,LB,,2009,New Mexico State,DeWayne Walker,NA,NA,NA,NA,NA,NA,NA
Boyblue Aoelua,SO,LB,,2009,New Mexico State,DeWayne Walker,NA,NA,NA,NA,NA,NA,NA
Jamar Cotton,SR,LB,,2009,New Mexico State,DeWayne Walker,NA,NA,NA,NA,NA,NA,NA
Spencer Diaz,JR,LB,,2009,New Mexico State,DeWayne Walker,NA,NA,NA,NA,NA,NA,NA
Sam King,SR,LB,,2009,New Mexico State,DeWayne Walker,NA,NA,NA,NA,NA,NA,NA
Numi Lolohea,SO,LB,,2009,New Mexico State,DeWayne Walker,NA,NA,NA,NA,NA,NA,NA
Jason Scott,SR,LB,,2009,New Mexico State,DeWayne Walker,NA,NA,NA,NA,NA,NA,NA
Kenny Evora,JR,LB,,2009,New Mexico State,DeWayne Walker,NA,NA,NA,NA,NA,NA,NA
Ross Conner,SR,LB,,2009,New Mexico State,DeWayne Walker,NA,NA,NA,NA,NA,NA,NA
Lorenzo Caldwell,JR,DB,,2009,New Mexico State,DeWayne Walker,NA,NA,NA,NA,NA,NA,NA
Junior Fasavalu,SR,DB,,2009,New Mexico State,DeWayne Walker,NA,NA,NA,NA,NA,NA,NA
Jonte Green,SO,DB,,2009,New Mexico State,DeWayne Walker,NA,NA,NA,NA,NA,NA,NA
David Quiroga,FR,DB,,2009,New Mexico State,DeWayne Walker,NA,NA,NA,NA,NA,NA,NA
Sina Shabazz,JR,DB,,2009,New Mexico State,DeWayne Walker,NA,NA,NA,NA,NA,NA,NA
Michael Zant,SO,DB,,2009,New Mexico State,DeWayne Walker,NA,NA,NA,NA,NA,NA,NA
Christopher Buckner,SR,DB,,2009,New Mexico State,DeWayne Walker,NA,NA,NA,NA,NA,NA,NA
Davon House,JR,DB,,2009,New Mexico State,DeWayne Walker,NA,NA,NA,NA,NA,NA,NA
Alphonso Powell,JR,DB,,2009,New Mexico State,DeWayne Walker,NA,NA,NA,NA,NA,NA,NA
Matt Christian,JR,QB,"114 Cmp, 237 Att, 1372 Yds, 8 TD",2010,New Mexico State,DeWayne Walker,NA,NA,NA,NA,NA,NA,NA
Andrew Manley,FR,QB,"63 Cmp, 121 Att, 604 Yds, 1 TD",2010,New Mexico State,DeWayne Walker,NA,NA,NA,NA,NA,NA,NA
Tanner Rust,FR,QB,"8 Cmp, 18 Att, 33 Yds, 0 TD",2010,New Mexico State,DeWayne Walker,NA,NA,NA,NA,NA,NA,NA
Kenny Turner,SO,RB,"115 Att, 461 Yds, 4.0 Avg",2010,New Mexico State,DeWayne Walker,NA,NA,NA,NA,NA,NA,NA
Seth Smith,SR,RB,"101 Att, 385 Yds, 3.8 Avg",2010,New Mexico State,DeWayne Walker,NA,NA,NA,NA,NA,NA,NA
Robert Clay,SO,RB,"54 Att, 226 Yds, 4.2 Avg",2010,New Mexico State,DeWayne Walker,NA,NA,NA,NA,NA,NA,NA
Brandon Perez,SR,RB,"5 Att, 10 Yds, 2.0 Avg",2010,New Mexico State,DeWayne Walker,NA,NA,NA,NA,NA,NA,NA
Donavan Roberts,JR,RB,"3 Att, -7 Yds, -2.3 Avg",2010,New Mexico State,DeWayne Walker,NA,NA,NA,NA,NA,NA,NA
Victor Johnson,SO,RB,"3 Att, 9 Yds, 3.0 Avg",2010,New Mexico State,DeWayne Walker,NA,NA,NA,NA,NA,NA,NA
Marcus Allen,SR,WR,"42 Rec, 598 Yds, 14.2 Avg",2010,New Mexico State,DeWayne Walker,NA,NA,NA,NA,NA,NA,NA
Todd Lee,JR,WR,"24 Rec, 280 Yds, 11.7 Avg",2010,New Mexico State,DeWayne Walker,NA,NA,NA,NA,NA,NA,NA
Taveon Rogers,JR,WR,"18 Rec, 278 Yds, 15.4 Avg",2010,New Mexico State,DeWayne Walker,NA,NA,NA,NA,NA,NA,NA
Kenonte Howard,JR,WR,"1 Rec, 28 Yds, 28.0 Avg",2010,New Mexico State,DeWayne Walker,NA,NA,NA,NA,NA,NA,NA
Darrius Preston,SO,WR,"8 Rec, 83 Yds, 10.4 Avg",2010,New Mexico State,DeWayne Walker,NA,NA,NA,NA,NA,NA,NA
William Frazier,JR,WR,"7 Rec, 51 Yds, 7.3 Avg",2010,New Mexico State,DeWayne Walker,NA,NA,NA,NA,NA,NA,NA
Marcus Williams,FR,WR,"7 Rec, 56 Yds, 8.0 Avg",2010,New Mexico State,DeWayne Walker,NA,NA,NA,NA,NA,NA,NA
Brandon Flanagan,FR,WR,"1 Rec, 6 Yds, 6.0 Avg",2010,New Mexico State,DeWayne Walker,NA,NA,NA,NA,NA,NA,NA
Spencer Diaz,SR,TE,,2010,New Mexico State,DeWayne Walker,NA,NA,NA,NA,NA,NA,NA
Kyle Nelson,SR,TE,"41 Rec, 371 Yds, 9.0 Avg",2010,New Mexico State,DeWayne Walker,NA,NA,NA,NA,NA,NA,NA
Stephen McIntyre,JR,TE,"1 Rec, 1 Yds, 1.0 Avg",2010,New Mexico State,DeWayne Walker,NA,NA,NA,NA,NA,NA,NA
Kyle Hipp,SR,TE,,2010,New Mexico State,DeWayne Walker,NA,NA,NA,NA,NA,NA,NA
Davonte Wallace,FR,OL,,2010,New Mexico State,DeWayne Walker,NA,NA,NA,NA,NA,NA,NA
Jordan Davenport,JR,K,,2010,New Mexico State,DeWayne Walker,NA,NA,NA,NA,NA,NA,NA
Jake Capraro,FR,K,,2010,New Mexico State,DeWayne Walker,NA,NA,NA,NA,NA,NA,NA
Tyler Stampler,FR,K,,2010,New Mexico State,DeWayne Walker,NA,NA,NA,NA,NA,NA,NA
Pierre Fils,JR,DL,,2010,New Mexico State,DeWayne Walker,NA,NA,NA,NA,NA,NA,NA
John Finau,SR,DL,,2010,New Mexico State,DeWayne Walker,NA,NA,NA,NA,NA,NA,NA
David Mahoney,JR,DL,,2010,New Mexico State,DeWayne Walker,NA,NA,NA,NA,NA,NA,NA
David Niumatalolo,JR,DL,,2010,New Mexico State,DeWayne Walker,NA,NA,NA,NA,NA,NA,NA
Donte Savage,JR,DL,,2010,New Mexico State,DeWayne Walker,NA,NA,NA,NA,NA,NA,NA
Kawika Shook,SR,DL,,2010,New Mexico State,DeWayne Walker,NA,NA,NA,NA,NA,NA,NA
Tommy Stuart,SO,DL,,2010,New Mexico State,DeWayne Walker,NA,NA,NA,NA,NA,NA,NA
Augafa Vaaulu,FR,DL,,2010,New Mexico State,DeWayne Walker,NA,NA,NA,NA,NA,NA,NA
Branden Warner,SR,DL,,2010,New Mexico State,DeWayne Walker,NA,NA,NA,NA,NA,NA,NA
Bryan Bonilla,FR,LB,,2010,New Mexico State,DeWayne Walker,NA,NA,NA,NA,NA,NA,NA
Dylan Davis,FR,LB,,2010,New Mexico State,DeWayne Walker,NA,NA,NA,NA,NA,NA,NA
Anthony Joyner,FR,LB,,2010,New Mexico State,DeWayne Walker,NA,NA,NA,NA,NA,NA,NA
Numi Lolohea,SO,LB,,2010,New Mexico State,DeWayne Walker,NA,NA,NA,NA,NA,NA,NA
Frank Padilla,SR,LB,,2010,New Mexico State,DeWayne Walker,NA,NA,NA,NA,NA,NA,NA
David Quiroga,SO,LB,,2010,New Mexico State,DeWayne Walker,NA,NA,NA,NA,NA,NA,NA
B.J. Adolpho,SO,LB,,2010,New Mexico State,DeWayne Walker,NA,NA,NA,NA,NA,NA,NA
Boyblue Aoelua,JR,LB,,2010,New Mexico State,DeWayne Walker,NA,NA,NA,NA,NA,NA,NA
George Callender,FR,DB,,2010,New Mexico State,DeWayne Walker,NA,NA,NA,NA,NA,NA,NA
Davis Cazares,FR,DB,,2010,New Mexico State,DeWayne Walker,NA,NA,NA,NA,NA,NA,NA
Jonte Green,JR,DB,,2010,New Mexico State,DeWayne Walker,NA,NA,NA,NA,NA,NA,NA
Devin Jackson,FR,DB,,2010,New Mexico State,DeWayne Walker,NA,NA,NA,NA,NA,NA,NA
Darien Johnson,FR,DB,,2010,New Mexico State,DeWayne Walker,NA,NA,NA,NA,NA,NA,NA
Josh Smith,FR,DB,,2010,New Mexico State,DeWayne Walker,NA,NA,NA,NA,NA,NA,NA
Justin Smith,FR,DB,,2010,New Mexico State,DeWayne Walker,NA,NA,NA,NA,NA,NA,NA
Michael Zant,JR,DB,,2010,New Mexico State,DeWayne Walker,NA,NA,NA,NA,NA,NA,NA
Donyae Coleman,JR,DB,,2010,New Mexico State,DeWayne Walker,NA,NA,NA,NA,NA,NA,NA
Davon House,SR,DB,,2010,New Mexico State,DeWayne Walker,NA,NA,NA,NA,NA,NA,NA
Alphonso Powell,SR,DB,,2010,New Mexico State,DeWayne Walker,NA,NA,NA,NA,NA,NA,NA
Matt Christian,SR,QB,"145 Cmp, 277 Att, 2158 Yds, 15 TD",2011,New Mexico State,DeWayne Walker,NA,NA,NA,NA,NA,NA,NA
Andrew Manley,SO,QB,"62 Cmp, 109 Att, 892 Yds, 6 TD",2011,New Mexico State,DeWayne Walker,NA,NA,NA,NA,NA,NA,NA
Travaughn Colwell,FR,QB,"39 Cmp, 60 Att, 419 Yds, 2 TD",2011,New Mexico State,DeWayne Walker,NA,NA,NA,NA,NA,NA,NA
Kenny Turner,JR,RB,"219 Att, 1074 Yds, 4.9 Avg",2011,New Mexico State,DeWayne Walker,NA,NA,NA,NA,NA,NA,NA
Robert Clay,JR,RB,"42 Att, 133 Yds, 3.2 Avg",2011,New Mexico State,DeWayne Walker,NA,NA,NA,NA,NA,NA,NA
Victor Johnson,JR,RB,"22 Att, 90 Yds, 4.1 Avg",2011,New Mexico State,DeWayne Walker,NA,NA,NA,NA,NA,NA,NA
Brandon Betancourt,FR,RB,"6 Att, 24 Yds, 4.0 Avg",2011,New Mexico State,DeWayne Walker,NA,NA,NA,NA,NA,NA,NA
Todd Lee,SR,WR,"39 Rec, 592 Yds, 15.2 Avg",2011,New Mexico State,DeWayne Walker,NA,NA,NA,NA,NA,NA,NA
Austin Franklin,FR,WR,"34 Rec, 524 Yds, 15.4 Avg",2011,New Mexico State,DeWayne Walker,NA,NA,NA,NA,NA,NA,NA
Taveon Rogers,SR,WR,"59 Rec, 1048 Yds, 17.8 Avg",2011,New Mexico State,DeWayne Walker,NA,NA,NA,NA,NA,NA,NA
Kemonte Bateman,JR,WR,"27 Rec, 422 Yds, 15.6 Avg",2011,New Mexico State,DeWayne Walker,NA,NA,NA,NA,NA,NA,NA
Jerrel Brown,SO,WR,"6 Rec, 79 Yds, 13.2 Avg",2011,New Mexico State,DeWayne Walker,NA,NA,NA,NA,NA,NA,NA
Darrius Preston,JR,WR,"1 Rec, 6 Yds, 6.0 Avg",2011,New Mexico State,DeWayne Walker,NA,NA,NA,NA,NA,NA,NA
Trevor Walls,JR,TE,"11 Rec, 144 Yds, 13.1 Avg",2011,New Mexico State,DeWayne Walker,NA,NA,NA,NA,NA,NA,NA
Andrew Dean,FR,TE,,2011,New Mexico State,DeWayne Walker,NA,NA,NA,NA,NA,NA,NA
Jackson Kaka,FR,TE,"14 Rec, 126 Yds, 9.0 Avg",2011,New Mexico State,DeWayne Walker,NA,NA,NA,NA,NA,NA,NA
David Quiroga,JR,TE,"3 Rec, 29 Yds, 9.7 Avg",2011,New Mexico State,DeWayne Walker,NA,NA,NA,NA,NA,NA,NA
Maveu Heimuli,JR,OL,,2011,New Mexico State,DeWayne Walker,NA,NA,NA,NA,NA,NA,NA
Mike Kaiser,SO,OL,,2011,New Mexico State,DeWayne Walker,NA,NA,NA,NA,NA,NA,NA
Aundre McGaskey,SR,OL,,2011,New Mexico State,DeWayne Walker,NA,NA,NA,NA,NA,NA,NA
Davonte Wallace,SO,OL,,2011,New Mexico State,DeWayne Walker,NA,NA,NA,NA,NA,NA,NA
Dejuan Yates,SR,OL,,2011,New Mexico State,DeWayne Walker,NA,NA,NA,NA,NA,NA,NA
Jordan Davenport,SR,K,,2011,New Mexico State,DeWayne Walker,NA,NA,NA,NA,NA,NA,NA
Jake Capraro,SO,K,,2011,New Mexico State,DeWayne Walker,NA,NA,NA,NA,NA,NA,NA
Tyler Stampler,JR,K,,2011,New Mexico State,DeWayne Walker,NA,NA,NA,NA,NA,NA,NA
Mark Brown,FR,DL,,2011,New Mexico State,DeWayne Walker,NA,NA,NA,NA,NA,NA,NA
Pierre Fils,SR,DL,,2011,New Mexico State,DeWayne Walker,NA,NA,NA,NA,NA,NA,NA
David Mahoney,SR,DL,,2011,New Mexico State,DeWayne Walker,NA,NA,NA,NA,NA,NA,NA
Stephen Meredith,FR,DL,,2011,New Mexico State,DeWayne Walker,NA,NA,NA,NA,NA,NA,NA
David Niumatalolo,SR,DL,,2011,New Mexico State,DeWayne Walker,NA,NA,NA,NA,NA,NA,NA
Walton Taumoepeau,JR,DL,,2011,New Mexico State,DeWayne Walker,NA,NA,NA,NA,NA,NA,NA
Bryan Bonilla,SO,LB,,2011,New Mexico State,DeWayne Walker,NA,NA,NA,NA,NA,NA,NA
Dylan Davis,SO,LB,,2011,New Mexico State,DeWayne Walker,NA,NA,NA,NA,NA,NA,NA
Alexander Lavoy,JR,LB,,2011,New Mexico State,DeWayne Walker,NA,NA,NA,NA,NA,NA,NA
Numi Lolohea,JR,LB,,2011,New Mexico State,DeWayne Walker,NA,NA,NA,NA,NA,NA,NA
B.J. Adolpho,JR,LB,,2011,New Mexico State,DeWayne Walker,NA,NA,NA,NA,NA,NA,NA
Boyblue Aoelua,SR,LB,,2011,New Mexico State,DeWayne Walker,NA,NA,NA,NA,NA,NA,NA
Davis Cazares,SO,DB,,2011,New Mexico State,DeWayne Walker,NA,NA,NA,NA,NA,NA,NA
Jesse Forte,JR,DB,,2011,New Mexico State,DeWayne Walker,NA,NA,NA,NA,NA,NA,NA
Jeremy Harris,JR,DB,,2011,New Mexico State,DeWayne Walker,NA,NA,NA,NA,NA,NA,NA
Darien Johnson,SO,DB,,2011,New Mexico State,DeWayne Walker,NA,NA,NA,NA,NA,NA,NA
Josh Smith,SO,DB,,2011,New Mexico State,DeWayne Walker,NA,NA,NA,NA,NA,NA,NA
Justin Smith,SO,DB,,2011,New Mexico State,DeWayne Walker,NA,NA,NA,NA,NA,NA,NA
Courtney Viney,SR,DB,,2011,New Mexico State,DeWayne Walker,NA,NA,NA,NA,NA,NA,NA
Ben Bradley,SR,DB,,2011,New Mexico State,DeWayne Walker,NA,NA,NA,NA,NA,NA,NA
George Callender,SO,DB,,2011,New Mexico State,DeWayne Walker,NA,NA,NA,NA,NA,NA,NA
Donyae Coleman,SR,DB,,2011,New Mexico State,DeWayne Walker,NA,NA,NA,NA,NA,NA,NA
Jonte Green,SR,DB,,2011,New Mexico State,DeWayne Walker,NA,NA,NA,NA,NA,NA,NA
Andrew Manley,SO,QB,"207 Cmp, 384 Att, 2764 Yds, 18 TD",2012,New Mexico State,DeWayne Walker,NA,NA,NA,NA,NA,NA,NA
Travaughn Colwell,SO,QB,"6 Cmp, 13 Att, 66 Yds, 1 TD",2012,New Mexico State,DeWayne Walker,NA,NA,NA,NA,NA,NA,NA
Andrew McDonald,JR,QB,"1 Cmp, 3 Att, 3 Yds, 0 TD",2012,New Mexico State,DeWayne Walker,NA,NA,NA,NA,NA,NA,NA
Germi Morrison,JR,RB,"159 Att, 767 Yds, 4.8 Avg",2012,New Mexico State,DeWayne Walker,NA,NA,NA,NA,NA,NA,NA
Tiger Powell,JR,RB,"72 Att, 236 Yds, 3.3 Avg",2012,New Mexico State,DeWayne Walker,NA,NA,NA,NA,NA,NA,NA
Robert Clay,SR,RB,"30 Att, 111 Yds, 3.7 Avg",2012,New Mexico State,DeWayne Walker,NA,NA,NA,NA,NA,NA,NA
Akeelie Mustafa,SO,RB,"15 Att, 70 Yds, 4.7 Avg",2012,New Mexico State,DeWayne Walker,NA,NA,NA,NA,NA,NA,NA
David Quiroga,SR,RB,"5 Rec, 37 Yds, 7.4 Avg",2012,New Mexico State,DeWayne Walker,NA,NA,NA,NA,NA,NA,NA
Brandon Betancourt,SO,RB,,2012,New Mexico State,DeWayne Walker,NA,NA,NA,NA,NA,NA,NA
Austin Franklin,SO,WR,"74 Rec, 1245 Yds, 16.8 Avg",2012,New Mexico State,DeWayne Walker,NA,NA,NA,NA,NA,NA,NA
Kemonte Bateman,SR,WR,"50 Rec, 707 Yds, 14.1 Avg",2012,New Mexico State,DeWayne Walker,NA,NA,NA,NA,NA,NA,NA
Jerrel Brown,JR,WR,"19 Rec, 250 Yds, 13.2 Avg",2012,New Mexico State,DeWayne Walker,NA,NA,NA,NA,NA,NA,NA
Joseph Matthews,SO,WR,"8 Rec, 133 Yds, 16.6 Avg",2012,New Mexico State,DeWayne Walker,NA,NA,NA,NA,NA,NA,NA
Adam Shapiro,SO,WR,"2 Rec, 15 Yds, 7.5 Avg",2012,New Mexico State,DeWayne Walker,NA,NA,NA,NA,NA,NA,NA
Marcus Williams,SR,WR,"2 Rec, 25 Yds, 12.5 Avg",2012,New Mexico State,DeWayne Walker,NA,NA,NA,NA,NA,NA,NA
Trevor Walls,SR,TE,"19 Rec, 182 Yds, 9.6 Avg",2012,New Mexico State,DeWayne Walker,NA,NA,NA,NA,NA,NA,NA
Andrew Dean,SO,TE,,2012,New Mexico State,DeWayne Walker,NA,NA,NA,NA,NA,NA,NA
Perris Scoggins,JR,TE,"11 Rec, 115 Yds, 10.5 Avg",2012,New Mexico State,DeWayne Walker,NA,NA,NA,NA,NA,NA,NA
Andy Cunningham,FR,OL,,2012,New Mexico State,DeWayne Walker,NA,NA,NA,NA,NA,NA,NA
Mike Kaiser,JR,OL,,2012,New Mexico State,DeWayne Walker,NA,NA,NA,NA,NA,NA,NA
Jake Capraro,JR,K,,2012,New Mexico State,DeWayne Walker,NA,NA,NA,NA,NA,NA,NA
Maxwell Johnson,JR,K,,2012,New Mexico State,DeWayne Walker,NA,NA,NA,NA,NA,NA,NA
Tyler Stampler,SR,K,,2012,New Mexico State,DeWayne Walker,NA,NA,NA,NA,NA,NA,NA
Desmond Anaya,SR,DL,,2012,New Mexico State,DeWayne Walker,NA,NA,NA,NA,NA,NA,NA
Mark Brown,SO,DL,,2012,New Mexico State,DeWayne Walker,NA,NA,NA,NA,NA,NA,NA
Kalvin Cruz,JR,DL,,2012,New Mexico State,DeWayne Walker,NA,NA,NA,NA,NA,NA,NA
Kevin Laudermill,JR,DL,,2012,New Mexico State,DeWayne Walker,NA,NA,NA,NA,NA,NA,NA
Nick Oliva,JR,DL,,2012,New Mexico State,DeWayne Walker,NA,NA,NA,NA,NA,NA,NA
Inuka Rhaheed,FR,DL,,2012,New Mexico State,DeWayne Walker,NA,NA,NA,NA,NA,NA,NA
Chance Roberts,JR,DL,,2012,New Mexico State,DeWayne Walker,NA,NA,NA,NA,NA,NA,NA
Donte Savage,SR,DL,,2012,New Mexico State,DeWayne Walker,NA,NA,NA,NA,NA,NA,NA
Thomas Shepard,FR,DL,,2012,New Mexico State,DeWayne Walker,NA,NA,NA,NA,NA,NA,NA
Anthony Smith,SR,DL,,2012,New Mexico State,DeWayne Walker,NA,NA,NA,NA,NA,NA,NA
Walton Taumoepeau,SR,DL,,2012,New Mexico State,DeWayne Walker,NA,NA,NA,NA,NA,NA,NA
Bryan Bonilla,JR,LB,,2012,New Mexico State,DeWayne Walker,NA,NA,NA,NA,NA,NA,NA
Dylan Davis,JR,LB,,2012,New Mexico State,DeWayne Walker,NA,NA,NA,NA,NA,NA,NA
Anthony Joyner,SO,LB,,2012,New Mexico State,DeWayne Walker,NA,NA,NA,NA,NA,NA,NA
Alexander Lavoy,SR,LB,,2012,New Mexico State,DeWayne Walker,NA,NA,NA,NA,NA,NA,NA
Josh Smith,JR,LB,,2012,New Mexico State,DeWayne Walker,NA,NA,NA,NA,NA,NA,NA
B.J. Adolpho,SR,LB,,2012,New Mexico State,DeWayne Walker,NA,NA,NA,NA,NA,NA,NA
Trashaun Nixon,JR,LB,,2012,New Mexico State,DeWayne Walker,NA,NA,NA,NA,NA,NA,NA
Davis Cazares,JR,DB,,2012,New Mexico State,DeWayne Walker,NA,NA,NA,NA,NA,NA,NA
Anthony Edwards,SR,DB,,2012,New Mexico State,DeWayne Walker,NA,NA,NA,NA,NA,NA,NA
Darien Johnson,JR,DB,,2012,New Mexico State,DeWayne Walker,NA,NA,NA,NA,NA,NA,NA
Dele Junaid,JR,DB,,2012,New Mexico State,DeWayne Walker,NA,NA,NA,NA,NA,NA,NA
Samuel Oyenuga,SO,DB,,2012,New Mexico State,DeWayne Walker,NA,NA,NA,NA,NA,NA,NA
George Callender,JR,DB,,2012,New Mexico State,DeWayne Walker,NA,NA,NA,NA,NA,NA,NA
Cameron Fuller,JR,DB,,2012,New Mexico State,DeWayne Walker,NA,NA,NA,NA,NA,NA,NA
Jeremy Harris,SR,DB,,2012,New Mexico State,DeWayne Walker,NA,NA,NA,NA,NA,NA,NA
Cayle Chapman-Brown,JR,P,,2012,New Mexico State,DeWayne Walker,NA,NA,NA,NA,NA,NA,NA
NA,NA,NA,NA,NA,NA,NA,Ben Olson*,JR,QB,"71 Cmp, 147 Att, 1040 Yds, 7 TD",2007,UCLA,DeWayne Walker
NA,NA,NA,NA,NA,NA,NA,Patrick Cowan,JR,QB,"72 Cmp, 135 Att, 696 Yds, 4 TD",2007,UCLA,DeWayne Walker
NA,NA,NA,NA,NA,NA,NA,McLeod Bethel-Thompson,FR,QB,"23 Cmp, 55 Att, 293 Yds, 1 TD",2007,UCLA,DeWayne Walker
NA,NA,NA,NA,NA,NA,NA,Chris Markey*,SR,RB,"176 Att, 715 Yds, 4.1 Avg",2007,UCLA,DeWayne Walker
NA,NA,NA,NA,NA,NA,NA,Trevor Theriot*,SO,RB,"3 Rec, 11 Yds, 3.7 Avg",2007,UCLA,DeWayne Walker
NA,NA,NA,NA,NA,NA,NA,Kahlil Bell,JR,RB,"142 Att, 795 Yds, 5.6 Avg",2007,UCLA,DeWayne Walker
NA,NA,NA,NA,NA,NA,NA,Fred Holmes,SR,RB,,2007,UCLA,DeWayne Walker
NA,NA,NA,NA,NA,NA,NA,Kenneth Lombard,JR,RB,,2007,UCLA,DeWayne Walker
NA,NA,NA,NA,NA,NA,NA,Chane Moline,SO,RB,"55 Att, 196 Yds, 3.6 Avg",2007,UCLA,DeWayne Walker
NA,NA,NA,NA,NA,NA,NA,Craig Sheppard,,RB,"28 Att, 133 Yds, 4.8 Avg",2007,UCLA,DeWayne Walker
NA,NA,NA,NA,NA,NA,NA,Christian Ramirez,SO,RB,"19 Att, 98 Yds, 5.2 Avg",2007,UCLA,DeWayne Walker
NA,NA,NA,NA,NA,NA,NA,Brandon Breazell*,SR,WR,"51 Rec, 810 Yds, 15.9 Avg",2007,UCLA,DeWayne Walker
NA,NA,NA,NA,NA,NA,NA,Joe Cowan*,SR,WR,"29 Rec, 405 Yds, 14.0 Avg",2007,UCLA,DeWayne Walker
NA,NA,NA,NA,NA,NA,NA,Osaar Rasshan,SO,WR,,2007,UCLA,DeWayne Walker
NA,NA,NA,NA,NA,NA,NA,Terrence Austin,SO,WR,"17 Rec, 248 Yds, 14.6 Avg",2007,UCLA,DeWayne Walker
NA,NA,NA,NA,NA,NA,NA,Dominique Johnson,SO,WR,"25 Rec, 322 Yds, 12.9 Avg",2007,UCLA,DeWayne Walker
NA,NA,NA,NA,NA,NA,NA,Marcus Everett,SR,WR,"10 Rec, 134 Yds, 13.4 Avg",2007,UCLA,DeWayne Walker
NA,NA,NA,NA,NA,NA,NA,Gavin Ketchum,JR,WR,"5 Rec, 51 Yds, 10.2 Avg",2007,UCLA,DeWayne Walker
NA,NA,NA,NA,NA,NA,NA,Ryan Graves,JR,WR,"3 Rec, 20 Yds, 6.7 Avg",2007,UCLA,DeWayne Walker
NA,NA,NA,NA,NA,NA,NA,Jamil Turner,SO,WR,"1 Rec, 13 Yds, 13.0 Avg",2007,UCLA,DeWayne Walker
NA,NA,NA,NA,NA,NA,NA,Logan Paulsen*,JR,TE,"12 Rec, 144 Yds, 12.0 Avg",2007,UCLA,DeWayne Walker
NA,NA,NA,NA,NA,NA,NA,Micah Reed*,JR,OL,,2007,UCLA,DeWayne Walker
NA,NA,NA,NA,NA,NA,NA,Shannon Tevaga*,SR,OL,,2007,UCLA,DeWayne Walker
NA,NA,NA,NA,NA,NA,NA,Brian Abraham*,,OL,,2007,UCLA,DeWayne Walker
NA,NA,NA,NA,NA,NA,NA,Chris Joseph*,,OL,,2007,UCLA,DeWayne Walker
NA,NA,NA,NA,NA,NA,NA,Micah Kia*,,OL,,2007,UCLA,DeWayne Walker
NA,NA,NA,NA,NA,NA,NA,P.J. Irvin,,OL,,2007,UCLA,DeWayne Walker
NA,NA,NA,NA,NA,NA,NA,Aleksey Lanis,,OL,,2007,UCLA,DeWayne Walker
NA,NA,NA,NA,NA,NA,NA,Noah Sutherland,,OL,,2007,UCLA,DeWayne Walker
NA,NA,NA,NA,NA,NA,NA,Jimmy Rotstein,JR,K,,2007,UCLA,DeWayne Walker
NA,NA,NA,NA,NA,NA,NA,Kai Forbath,FR,K,,2007,UCLA,DeWayne Walker
NA,NA,NA,NA,NA,NA,NA,Tom Blake*,JR,DL,,2007,UCLA,DeWayne Walker
NA,NA,NA,NA,NA,NA,NA,Kevin Brown*,SR,DL,,2007,UCLA,DeWayne Walker
NA,NA,NA,NA,NA,NA,NA,Bruce Davis*,SR,DL,,2007,UCLA,DeWayne Walker
NA,NA,NA,NA,NA,NA,NA,Brian Price*,FR,DL,,2007,UCLA,DeWayne Walker
NA,NA,NA,NA,NA,NA,NA,Chinonso Anyanwu,SO,DL,,2007,UCLA,DeWayne Walker
NA,NA,NA,NA,NA,NA,NA,David Carter,FR,DL,,2007,UCLA,DeWayne Walker
NA,NA,NA,NA,NA,NA,NA,Nikola Dragovic,SR,DL,,2007,UCLA,DeWayne Walker
NA,NA,NA,NA,NA,NA,NA,Brigham Harwell,SR,DL,,2007,UCLA,DeWayne Walker
NA,NA,NA,NA,NA,NA,NA,Chase Moline,JR,DL,,2007,UCLA,DeWayne Walker
NA,NA,NA,NA,NA,NA,NA,Jerzy Siewierski,SO,DL,,2007,UCLA,DeWayne Walker
NA,NA,NA,NA,NA,NA,NA,Jess Ward,SO,DL,,2007,UCLA,DeWayne Walker
NA,NA,NA,NA,NA,NA,NA,William Snead,SR,DL,,2007,UCLA,DeWayne Walker
NA,NA,NA,NA,NA,NA,NA,Korey Bosworth,SO,DL,,2007,UCLA,DeWayne Walker
NA,NA,NA,NA,NA,NA,NA,Kyle Bosworth*,JR,LB,,2007,UCLA,DeWayne Walker
NA,NA,NA,NA,NA,NA,NA,Reggie Carter*,SO,LB,,2007,UCLA,DeWayne Walker
NA,NA,NA,NA,NA,NA,NA,Christian Taylor*,SR,LB,,2007,UCLA,DeWayne Walker
NA,NA,NA,NA,NA,NA,NA,Joshua Edwards,JR,LB,,2007,UCLA,DeWayne Walker
NA,NA,NA,NA,NA,NA,NA,John Hale,JR,LB,,2007,UCLA,DeWayne Walker
NA,NA,NA,NA,NA,NA,NA,Shawn Oatis,SO,LB,,2007,UCLA,DeWayne Walker
NA,NA,NA,NA,NA,NA,NA,Aaron Whittington,SR,LB,,2007,UCLA,DeWayne Walker
NA,NA,NA,NA,NA,NA,NA,Chad Moline,SR,LB,,2007,UCLA,DeWayne Walker
NA,NA,NA,NA,NA,NA,NA,Chris Horton*,SR,DB,,2007,UCLA,DeWayne Walker
NA,NA,NA,NA,NA,NA,NA,Trey Brown*,SR,DB,,2007,UCLA,DeWayne Walker
NA,NA,NA,NA,NA,NA,NA,Dennis Keyes*,SR,DB,,2007,UCLA,DeWayne Walker
NA,NA,NA,NA,NA,NA,NA,Alterraun Verner*,SO,DB,,2007,UCLA,DeWayne Walker
NA,NA,NA,NA,NA,NA,NA,Bret Lockett,JR,DB,,2007,UCLA,DeWayne Walker
NA,NA,NA,NA,NA,NA,NA,Garrett Rubio,FR,DB,,2007,UCLA,DeWayne Walker
NA,NA,NA,NA,NA,NA,NA,Aaron Ware,SO,DB,,2007,UCLA,DeWayne Walker
NA,NA,NA,NA,NA,NA,NA,Matt Slater,SR,DB,,2007,UCLA,DeWayne Walker
NA,NA,NA,NA,NA,NA,NA,Chris Meadows,JR,DB,,2007,UCLA,DeWayne Walker
NA,NA,NA,NA,NA,NA,NA,Michael Norris,JR,DB,,2007,UCLA,DeWayne Walker
NA,NA,NA,NA,NA,NA,NA,Rodney Van,SR,DB,,2007,UCLA,DeWayne Walker
NA,NA,NA,NA,NA,NA,NA,Aaron Perez,JR,P,,2007,UCLA,DeWayne Walker
